EpochNum,StartTime,EndTime,qualityLabel_Expert1,qualityLabel_Expert2,qualityLabel_Expert3,Expert1_timesSkipped,Expert2_timesSkipped,Expert3_timesSkipped,raw_amp,raw_mind,raw_maxabsd,filt_amp,filt_mind,filt_min2d,filt_maxabs2d,max_1s_3,aboveZero_1s_1
0,2013-05-19 10:24:53,2013-05-19 10:24:58,1.0,1.0,1.0,0.0,0.0,0.0,-1.02266341677,0.422981064526,-0.336945867393,-2.74465810229,-9.87433511094,-17.3716604426,15.5833593007,-0.420711981593,0.89198015019
1,2013-05-19 10:24:58,2013-05-19 10:25:03,1.0,1.0,1.0,0.0,0.0,0.0,-1.0219716856,0.422981064526,-0.457624171352,-1.01049323153,0.366903828206,0.25438190025,-0.309030755006,-0.420711981593,-1.1907502005
2,2013-05-19 10:25:03,2013-05-19 10:25:08,1.0,1.0,1.0,0.0,0.0,0.0,-1.00398667515,0.422981064526,-0.457624171352,-1.00095335434,0.472549417244,0.339255856335,-0.371451848721,-0.276892881058,-1.1907502005
3,2013-05-19 10:25:08,2013-05-19 10:25:13,1.0,1.0,1.0,0.0,0.0,0.0,-0.970437713349,0.38919035002,-0.427454595362,-0.956373366045,0.220765968942,0.180237384125,-0.242178903193,-0.276892881058,0.197736699961
4,2013-05-19 10:25:13,2013-05-19 10:25:18,1.0,1.0,1.0,0.0,0.0,0.0,-0.96490386398,0.38919035002,-0.216267563435,-0.953573071307,0.169839983025,0.158585733443,-0.222656853303,-0.366779818892,0.89198015019
5,2013-05-19 10:25:18,2013-05-19 10:25:23,1.0,1.0,1.0,0.0,0.0,0.0,-0.993264841995,0.490562493536,-0.517963323331,-0.982028375023,0.430989726109,0.313511215676,-0.357128597805,-0.43868936916,-0.496506750267
6,2013-05-19 10:25:23,2013-05-19 10:25:28,1.0,1.0,1.0,0.0,0.0,0.0,-0.995685901094,0.490562493536,-0.517963323331,-0.984855022005,0.419818762228,0.308160550268,-0.357519875033,-0.366779818892,-0.496506750267
7,2013-05-19 10:25:28,2013-05-19 10:25:33,1.0,1.0,1.0,0.0,0.0,0.0,-1.00675359983,0.490562493536,-0.517963323331,-0.992133041717,0.466195393764,0.310490784829,-0.359620913703,-0.330825043759,-2.57923710095
8,2013-05-19 10:25:33,2013-05-19 10:25:38,1.0,1.0,1.0,0.0,0.0,0.0,-0.99049791731,0.490562493536,-0.517963323331,-0.979687837613,0.364622932538,0.291737697707,-0.327976238934,-0.330825043759,-1.88499365072
9,2013-05-19 10:25:38,2013-05-19 10:25:43,1.0,1.0,1.0,0.0,0.0,0.0,-0.92063306903,0.38919035002,-0.306776291404,-0.925280090188,0.461540460246,0.262697241231,-0.31652822039,-0.285881574842,-1.1907502005
10,2013-05-19 10:25:43,2013-05-19 10:25:48,1.0,1.0,1.0,0.0,0.0,0.0,-0.963520401638,0.38919035002,-0.427454595362,-0.949387953727,0.435901331332,0.326140326871,-0.373731206955,-0.276892881058,0.197736699961
11,2013-05-19 10:25:48,2013-05-19 10:25:53,1.0,1.0,1.0,0.0,0.0,0.0,-0.962482804881,0.254027491999,-0.306776291404,-0.94387299794,0.218541030342,0.199020861323,-0.23929203929,-0.240938105925,0.197736699961
12,2013-05-19 10:25:53,2013-05-19 10:25:58,1.0,1.0,1.0,0.0,0.0,0.0,-1.00848292776,0.287818206504,-0.216267563435,-0.997522073956,0.377429453394,0.180164636373,-0.240824412504,-0.294870268625,-1.1907502005
13,2013-05-19 10:25:58,2013-05-19 10:26:03,1.0,1.0,1.0,0.0,0.0,0.0,-0.99672349785,0.287818206504,-0.336945867393,-0.997446950412,0.286494574501,0.172312094576,-0.175214320205,0.0197340137948,-0.496506750267
14,2013-05-19 10:26:03,2013-05-19 10:26:08,2.0,2.0,1.0,0.0,0.0,0.0,-1.44911568375,-2.00995037986,1.7145852999,-1.45090519393,-2.80617612229,-0.744083027533,1.38276904092,2.15005444047,0.197736699961
15,2013-05-19 10:26:08,2013-05-19 10:26:13,1.0,1.0,1.0,0.0,0.0,0.0,-0.789895877693,-0.725903228657,0.779328444222,-0.787493380234,-0.0806661064769,-0.663663774316,0.518718303201,0.0646774827119,-0.496506750267
16,2013-05-19 10:26:13,2013-05-19 10:26:18,1.0,1.0,1.0,0.0,0.0,0.0,-0.764647689948,0.287818206504,-0.336945867393,-0.770114778505,0.344291779878,0.210371626334,-0.238170242497,-0.285881574842,0.197736699961
17,2013-05-19 10:26:18,2013-05-19 10:26:23,2.0,1.0,1.0,0.0,0.0,0.0,-1.05828757208,-0.827275372173,1.89560275584,-1.04857545845,-1.06580896223,-0.107459426916,0.447134887071,0.586021722151,0.89198015019
18,2013-05-19 10:26:23,2013-05-19 10:26:28,1.0,1.0,1.0,0.0,0.0,0.0,-0.697895631937,0.38919035002,-0.336945867393,-0.687697726208,-0.0329830842458,-0.862504860569,0.698001890543,-0.41172328781,-0.496506750267
19,2013-05-19 10:26:28,2013-05-19 10:26:33,2.0,1.0,1.0,0.0,0.0,0.0,-0.947956450288,-2.34785752491,2.0162810598,-0.805947669268,-2.25308377471,-0.73076296172,0.847650291255,0.657931272418,-1.88499365072
20,2013-05-19 10:26:33,2013-05-19 10:26:38,2.0,1.0,1.0,0.0,0.0,0.0,-1.11397193135,-2.14511323788,2.19729851573,-1.21845555133,-1.67062482859,-1.59965073697,1.85041771548,0.657931272418,-0.496506750267
21,2013-05-19 10:26:38,2013-05-19 10:26:43,1.0,1.0,1.0,0.0,0.0,0.0,-0.784362028324,0.38919035002,-0.427454595362,-0.780784346078,0.144134598336,0.212747217247,-0.223606955702,0.5051234781,0.197736699961
22,2013-05-19 10:26:43,2013-05-19 10:26:48,2.0,1.0,1.0,0.0,0.0,0.0,-1.17899466143,-1.73962466382,2.86102918751,-1.03745894796,-2.27695501147,-0.389219738776,0.271267878628,1.01747902375,0.89198015019
23,2013-05-19 10:26:48,2013-05-19 10:26:53,1.0,1.0,1.0,0.0,0.0,0.0,-0.835204269399,-1.40171751876,1.17153293209,-0.979471532722,-1.50678672219,-1.99181714741,1.86768516047,0.630965191068,0.89198015019
24,2013-05-19 10:26:53,2013-05-19 10:26:58,1.0,1.0,1.0,0.0,0.0,0.0,-0.571654693212,-0.624531085141,0.779328444222,-0.597052619838,-0.796545516934,-0.75688022574,0.915039445405,0.5051234781,0.89198015019
25,2013-05-19 10:26:58,2013-05-19 10:27:03,1.0,1.0,1.0,1.0,0.0,0.0,-0.705158809234,-2.07753180887,1.86543317985,-0.712121083758,-1.72826082313,-1.50415893794,1.62129351644,2.31185092857,0.89198015019
26,2013-05-19 10:27:03,2013-05-19 10:27:08,2.0,1.0,1.0,1.0,0.0,0.0,-0.666075998067,-1.97615966536,1.68441572391,-0.658751230142,-1.92421012212,-1.32601537363,1.71167360814,1.17028681807,-0.496506750267
27,2013-05-19 10:27:08,2013-05-19 10:27:13,1.0,1.0,1.0,0.0,0.0,0.0,-0.53533880673,-0.421786798109,0.296615228389,-0.489381490912,0.0346343097222,0.197967251963,-0.14551034585,0.145575726763,0.197736699961
28,2013-05-19 10:27:13,2013-05-19 10:27:18,1.0,1.0,1.0,0.0,0.0,0.0,-0.708617465089,0.38919035002,-0.336945867393,-0.709992323387,-0.422307160183,-0.142399915938,0.191470927508,0.0197340137948,0.197736699961
29,2013-05-19 10:27:18,2013-05-19 10:27:23,1.0,1.0,1.0,0.0,0.0,0.0,-0.633910498611,0.254027491999,-0.216267563435,-0.638557423463,0.396316802595,0.262608730432,-0.304457199105,-0.357791125109,0.197736699961
30,2013-05-19 10:27:23,2013-05-19 10:27:28,1.0,1.0,1.0,0.0,0.0,0.0,-0.56093286006,0.287818206504,-0.336945867393,-0.557546450707,0.251781213588,0.162712303155,-0.226377544208,-0.303858962409,-1.1907502005
31,2013-05-19 10:27:28,2013-05-19 10:27:33,1.0,1.0,1.0,0.0,0.0,0.0,-0.478270985114,0.38919035002,-0.336945867393,-0.486155790964,0.481279993828,0.295249995813,-0.337598772214,0.0467000951451,0.197736699961
32,2013-05-19 10:27:33,2013-05-19 10:27:38,1.0,1.0,1.0,0.0,0.0,0.0,-0.587564510147,-0.0838796530549,0.296615228389,-0.559734255765,-0.250134876865,0.0412997516784,-0.0901420291774,0.0467000951451,0.197736699961
33,2013-05-19 10:27:38,2013-05-19 10:27:43,1.0,1.0,1.0,0.0,0.0,0.0,-0.515624468353,0.287818206504,-0.336945867393,-0.510938094938,0.266469993423,0.192582956737,-0.253310196968,-0.375768512676,0.89198015019
34,2013-05-19 10:27:43,2013-05-19 10:27:48,1.0,1.0,1.0,0.0,0.0,0.0,-0.561970456817,0.287818206504,-0.336945867393,-0.561687786913,0.189124887507,0.120883827192,-0.11364871325,-0.321836349975,0.197736699961
35,2013-05-19 10:27:48,2013-05-19 10:27:53,1.0,1.0,1.0,0.0,0.0,0.0,-0.496255995563,-0.0500889385495,-0.0352501074972,-0.494296560011,0.265966819138,0.193287607813,-0.235527047107,-0.41172328781,0.89198015019
36,2013-05-19 10:27:53,2013-05-19 10:27:58,1.0,1.0,1.0,0.0,0.0,0.0,-0.46616568962,0.287818206504,-0.306776291404,-0.454561664509,0.297474840569,0.213270367036,-0.229254123174,-0.249926799708,0.89198015019
37,2013-05-19 10:27:58,2013-05-19 10:28:03,1.0,1.0,1.0,0.0,0.0,0.0,-0.494872533221,0.254027491999,-0.246437139425,-0.477952017842,0.0576272349506,0.199785694965,-0.240211881612,-0.178017249441,0.197736699961
38,2013-05-19 10:28:03,2013-05-19 10:28:08,1.0,1.0,1.0,0.0,0.0,0.0,-0.578226139338,-0.759693943162,0.598310988285,-0.570947449224,-0.662462426261,-0.349196339556,0.413679209283,0.352315683782,0.89198015019
39,2013-05-19 10:28:08,2013-05-19 10:28:13,1.0,1.0,1.0,0.0,0.0,0.0,-0.321939740447,0.287818206504,-0.0352501074972,-0.344868296698,-0.176399856179,-0.0852477559043,0.127543083784,0.352315683782,0.197736699961
40,2013-05-19 10:28:13,2013-05-19 10:28:18,0.0,1.0,1.0,2.0,0.0,0.0,-0.688211395542,-2.21269466689,1.89560275584,-0.683137159418,-2.08447265639,-0.831971566155,1.24683753614,1.02646771754,0.197736699961
41,2013-05-19 10:28:18,2013-05-19 10:28:23,1.0,1.0,1.0,0.0,0.0,0.0,-0.189473221182,0.38919035002,-0.427454595362,-0.180012637377,0.274301566924,0.237989190359,-0.282829144175,-0.195994637007,-0.496506750267
42,2013-05-19 10:28:23,2013-05-19 10:28:28,1.0,1.0,1.0,0.0,0.0,0.0,-0.224059779737,0.0512832049665,-0.0955892594765,-0.197431723954,-0.156606738885,0.0953227212927,-0.165616228661,-0.187005943224,0.89198015019
43,2013-05-19 10:28:28,2013-05-19 10:28:33,1.0,1.0,1.0,0.0,0.0,0.0,-0.263488456489,-0.0838796530549,-0.00508053150761,-0.280109295063,0.0704123040176,0.0966421743671,-0.0224359092384,0.181530501896,0.197736699961
44,2013-05-19 10:28:33,2013-05-19 10:28:38,1.0,1.0,1.0,0.0,0.0,0.0,-0.329894648914,-0.523158941625,0.507802260316,-0.325668545755,-0.119978389804,-0.0181177331326,0.155767483411,0.181530501896,-0.496506750267
45,2013-05-19 10:28:38,2013-05-19 10:28:43,1.0,1.0,1.0,0.0,0.0,0.0,-0.265217784417,0.38919035002,-0.336945867393,-0.262170404921,0.345577275478,0.168053420407,-0.231193322875,-0.178017249441,0.197736699961
46,2013-05-19 10:28:43,2013-05-19 10:28:48,1.0,1.0,1.0,0.0,0.0,0.0,-0.182210043886,0.38919035002,0.0854281964613,-0.176755021209,0.0195052948998,-0.117080405365,0.0258954715981,-0.204983330791,-0.496506750267
47,2013-05-19 10:28:48,2013-05-19 10:28:53,1.0,1.0,1.0,0.0,0.0,0.0,-0.310180310538,-1.33413608975,1.11119378011,-0.288524050832,-1.29989123387,-0.874406928154,1.16734803055,0.747818210252,0.89198015019
48,2013-05-19 10:28:53,2013-05-19 10:28:58,1.0,1.0,1.0,0.0,0.0,0.0,-0.1818641783,-0.0838796530549,0.0854281964612,-0.175177782438,-0.187019967738,0.0467039716805,-0.0395121379509,-0.0701529240395,0.197736699961
49,2013-05-19 10:28:58,2013-05-19 10:29:03,1.0,1.0,1.0,0.0,0.0,0.0,-0.0971271098408,-0.219042511076,0.115597772451,-0.130045183401,-0.100099920006,-0.122203873769,0.129134012054,0.127598339196,0.89198015019
50,2013-05-19 10:29:03,2013-05-19 10:29:08,1.0,1.0,1.0,0.0,0.0,0.0,-0.172179941905,-3.26020681656,2.83085961152,-0.11568131413,0.311497139472,0.19374681691,-0.156125414962,1.57477803833,0.89198015019
51,2013-05-19 10:29:08,2013-05-19 10:29:13,1.0,1.0,2.0,0.0,0.0,0.0,-0.00581859525623,0.254027491999,2.40848554766,-0.0318047147175,-1.26226799573,-1.2984016705,1.48603011765,1.57477803833,0.197736699961
52,2013-05-19 10:29:13,2013-05-19 10:29:18,1.0,1.0,1.0,0.0,0.0,0.0,0.0799560699596,0.38919035002,-0.427454595362,0.0884519877427,0.211374127939,0.172188673156,-0.234921842777,-0.375768512676,-0.496506750267
53,2013-05-19 10:29:18,2013-05-19 10:29:23,1.0,1.0,1.0,0.0,0.0,0.0,0.140136681845,0.38919035002,-0.306776291404,0.13067742052,0.448359348782,0.251204852347,-0.306166193381,-0.178017249441,0.197736699961
54,2013-05-19 10:29:23,2013-05-19 10:29:28,1.0,1.0,1.0,0.0,0.0,0.0,-0.00443513291404,-0.793484657667,0.628480564274,0.117181597069,-1.08419829223,-0.206615479283,0.10662410544,0.388270458915,-0.496506750267
55,2013-05-19 10:29:28,2013-05-19 10:29:33,1.0,1.0,1.0,0.0,0.0,0.0,-0.0898639325443,0.254027491999,0.296615228389,-0.204018155502,-0.088430260631,-0.0770050888417,0.255670824957,0.271417439731,0.197736699961
56,2013-05-19 10:29:33,2013-05-19 10:29:38,1.0,1.0,1.0,0.0,0.0,0.0,0.120076477883,0.254027491999,-0.306776291404,0.135673506441,0.1738061646,0.210309463575,-0.240228807089,-0.204983330791,0.197736699961
57,2013-05-19 10:29:38,2013-05-19 10:29:43,1.0,1.0,1.0,0.0,0.0,0.0,0.0730387582486,0.490562493536,-0.517963323331,0.0821036571718,0.378770652112,0.267950964928,-0.321265201307,-0.447678062943,-1.1907502005
58,2013-05-19 10:29:43,2013-05-19 10:29:48,1.0,1.0,1.0,0.0,0.0,0.0,0.0249634418575,0.118864633977,-0.186097987445,0.0352403260298,0.0268604384242,0.224529846292,-0.102889227077,-0.115096392957,0.197736699961
59,2013-05-19 10:29:48,2013-05-19 10:29:53,1.0,1.0,1.0,0.0,0.0,0.0,-0.0594277610161,0.254027491999,-0.306776291404,-0.0424179568003,0.217931155906,0.16559126435,-0.228973338169,-0.402734594026,0.197736699961
60,2013-05-19 10:29:53,2013-05-19 10:29:58,1.0,1.0,1.0,0.0,0.0,0.0,-0.0276081271457,0.38919035002,-0.216267563435,-0.0405080296427,0.403454783159,0.248514926961,-0.303740842152,-0.169028555657,0.89198015019
61,2013-05-19 10:29:58,2013-05-19 10:30:03,1.0,1.0,1.0,0.0,0.0,0.0,-0.0424803473243,0.152655348483,-0.216267563435,-0.0210706239813,0.278373689631,0.293157952248,-0.304696142451,-0.429700675376,0.197736699961
62,2013-05-19 10:30:03,2013-05-19 10:30:08,1.0,1.0,1.0,0.0,0.0,0.0,-0.0902097981299,0.38919035002,-0.306776291404,-0.0846626423926,0.316384146901,0.176287693242,-0.218886516903,-0.339813737542,0.197736699961
63,2013-05-19 10:30:08,2013-05-19 10:30:13,2.0,2.0,2.0,0.0,0.0,0.0,-0.505940231958,-6.94339469764,6.11934339438,-0.48438897222,-5.86313941069,-4.14561384489,4.9805948543,4.99048167603,0.89198015019
64,2013-05-19 10:30:13,2013-05-19 10:30:18,1.0,1.0,1.0,0.0,0.0,0.0,-0.206074769288,0.254027491999,-0.306776291404,-0.206962439351,0.104789647579,-0.343169525677,0.2297470463,-0.339813737542,0.89198015019
65,2013-05-19 10:30:18,2013-05-19 10:30:23,1.0,1.0,1.0,0.0,0.0,0.0,-0.170104748391,0.254027491999,-0.306776291404,-0.161396646849,0.361525767655,0.24756072929,-0.297520584497,-0.312847656192,0.89198015019
66,2013-05-19 10:30:23,2013-05-19 10:30:28,1.0,1.0,1.0,0.0,0.0,0.0,-0.197773995235,0.254027491999,-0.306776291404,-0.189179795689,0.325869578392,0.219502377715,-0.272107027044,-0.348802431326,0.89198015019
67,2013-05-19 10:30:28,2013-05-19 10:30:33,1.0,1.0,1.0,0.0,0.0,0.0,-0.197082264064,0.287818206504,-0.336945867393,-0.197673504933,0.31315786582,0.228875004728,-0.277930400925,-0.312847656192,0.89198015019
68,2013-05-19 10:30:33,2013-05-19 10:30:38,1.0,1.0,1.0,0.0,0.0,0.0,-0.107848942993,0.254027491999,-0.306776291404,-0.0861647815945,0.0750472649759,0.217254318428,-0.275554946842,-0.142062474307,0.89198015019
69,2013-05-19 10:30:38,2013-05-19 10:30:43,1.0,1.0,1.0,0.0,0.0,0.0,-0.168029554878,-0.421786798108,0.296615228389,-0.17979602907,-0.242941289133,-0.15125629522,0.232331103053,-0.240938105925,0.197736699961
70,2013-05-19 10:30:43,2013-05-19 10:30:48,2.0,2.0,1.0,0.0,0.0,0.0,-0.565083247087,-2.55060181195,2.19729851573,-0.3586978023,-3.02046648766,-0.657087484914,0.870624379312,0.460180009183,0.89198015019
71,2013-05-19 10:30:48,2013-05-19 10:30:53,1.0,1.0,1.0,0.0,0.0,0.0,-0.648090987618,-1.09760108822,0.900006748181,-0.724318386508,-1.2786673686,-0.332041386404,1.58748917773,0.460180009183,0.89198015019
72,2013-05-19 10:30:53,2013-05-19 10:30:58,1.0,1.0,1.0,0.0,0.0,0.0,-0.936197020379,0.287818206504,1.11119378011,-1.05296723645,0.246067369706,0.0435366100819,0.376140644927,1.31410591861,0.89198015019
73,2013-05-19 10:30:58,2013-05-19 10:31:03,1.0,1.0,1.0,0.0,0.0,0.0,-0.0106607134539,0.254027491999,-0.306776291404,-0.0370678433021,0.210363989386,-0.466168787192,0.340648416134,-0.285881574842,0.89198015019
74,2013-05-19 10:31:03,2013-05-19 10:31:08,1.0,1.0,1.0,0.0,0.0,0.0,-0.0632322824571,0.524353208042,-0.548132899321,-0.0557539233029,0.315279947964,0.209067580083,-0.26817343507,-0.420711981593,0.197736699961
75,2013-05-19 10:31:08,2013-05-19 10:31:13,1.0,1.0,1.0,0.0,0.0,0.0,-0.0715330565103,0.355399635515,-0.397285019373,-0.0632734948611,0.416004871472,0.313568809975,-0.362396192196,-0.375768512676,-0.496506750267
76,2013-05-19 10:31:13,2013-05-19 10:31:18,1.0,1.0,1.0,0.0,0.0,0.0,-0.0898639325443,0.38919035002,-0.427454595362,-0.0775399672796,0.418494669865,0.252069411405,-0.306945716629,-0.312847656192,0.197736699961
77,2013-05-19 10:31:18,2013-05-19 10:31:23,1.0,1.0,1.0,0.0,0.0,0.0,-0.197082264064,-1.13139180272,0.930176324171,-0.151180704549,-0.347185796029,0.00836144304215,0.344072593032,0.118609645412,0.89198015019
78,2013-05-19 10:31:23,2013-05-19 10:31:28,1.0,1.0,1.0,0.0,0.0,0.0,-0.112345195605,0.152655348483,0.930176324171,-0.12086645173,-0.402958540119,-0.633140532342,0.734617743525,0.118609645412,0.89198015019
79,2013-05-19 10:31:28,2013-05-19 10:31:33,1.0,1.0,1.0,0.0,0.0,0.0,-0.114074523533,0.152655348483,-0.216267563435,-0.123123757066,0.114754126008,0.237425948114,-0.148809527569,0.84669384187,0.89198015019
80,2013-05-19 10:31:33,2013-05-19 10:31:38,1.0,1.0,1.0,0.0,0.0,0.0,-0.41566931413,-1.30034537525,1.08102420412,-0.391685010534,-1.34936330512,-0.748430518347,1.08149972788,0.84669384187,0.89198015019
81,2013-05-19 10:31:38,2013-05-19 10:31:43,1.0,1.0,1.0,0.0,0.0,0.0,-0.337849557382,-0.455577512614,0.326784804378,-0.337125656842,-0.00725103382994,0.246968811125,-0.178902849002,1.60174411968,0.89198015019
82,2013-05-19 10:31:43,2013-05-19 10:31:48,1.0,1.0,1.0,0.0,0.0,0.0,-0.392842185484,-1.43550823327,1.20170250808,-0.394764961625,-1.38993537384,-0.826057249922,0.913119381414,1.60174411968,0.89198015019
83,2013-05-19 10:31:48,2013-05-19 10:31:53,1.0,1.0,1.0,0.0,0.0,0.0,-0.196044667307,0.152655348483,-0.216267563435,-0.191075604372,0.375205122045,0.282802009481,-0.334655535234,-0.375768512676,0.89198015019
84,2013-05-19 10:31:53,2013-05-19 10:31:58,1.0,1.0,1.0,0.0,0.0,0.0,-0.236856806402,0.152655348483,-0.216267563435,-0.230295214234,0.202323293152,0.201527763687,-0.226937745881,-0.339813737542,0.89198015019
85,2013-05-19 10:31:58,2013-05-19 10:32:03,1.0,1.0,1.0,0.0,0.0,0.0,-0.018961487507,0.254027491999,-0.216267563435,-0.0486988739828,0.381118862768,0.213931693513,-0.250794659346,-0.312847656192,0.89198015019
86,2013-05-19 10:32:03,2013-05-19 10:32:08,1.0,1.0,1.0,0.0,0.0,0.0,0.0637003874388,0.254027491999,-0.306776291404,0.0613928726915,0.291158158314,0.107098560479,-0.176233826528,-0.41172328781,0.89198015019
87,2013-05-19 10:32:08,2013-05-19 10:32:13,1.0,1.0,1.0,0.0,0.0,0.0,0.0256551730286,-0.55694965613,0.417293532347,0.0508346536804,0.0922743584611,-0.216950591696,0.164113447645,-0.00723206755547,0.89198015019
88,2013-05-19 10:32:13,2013-05-19 10:32:18,1.0,1.0,1.0,0.0,0.0,0.0,-0.065653341556,-0.0838796530549,-0.00508053150759,-0.0593449887021,-0.0460681235442,0.247699066904,-0.145561158219,-0.12408508674,-0.496506750267
89,2013-05-19 10:32:18,2013-05-19 10:32:23,1.0,1.0,1.0,0.0,0.0,0.0,-0.14381896389,0.254027491999,-0.306776291404,-0.120100220065,0.188365988243,0.255136040284,-0.24341557403,-0.231949412141,0.197736699961
90,2013-05-19 10:32:23,2013-05-19 10:32:28,1.0,1.0,1.0,0.0,0.0,0.0,-0.170796479562,0.254027491999,-0.306776291404,-0.172317405373,0.387443273001,0.243900721422,-0.297734179438,-0.366779818892,0.89198015019
91,2013-05-19 10:32:28,2013-05-19 10:32:33,1.0,1.0,1.0,0.0,0.0,0.0,-0.18808975884,0.254027491999,-0.216267563435,-0.177652375821,0.303639675494,0.201267665431,-0.237706742692,-0.213972024574,0.89198015019
92,2013-05-19 10:32:33,2013-05-19 10:32:38,1.0,1.0,1.0,0.0,0.0,0.0,-0.189819086768,0.38919035002,-0.306776291404,-0.183404977251,0.401912687658,0.293921902647,-0.344681704248,-0.402734594026,0.89198015019
93,2013-05-19 10:32:38,2013-05-19 10:32:43,1.0,1.0,1.0,0.0,0.0,0.0,-0.195698801722,0.38919035002,-0.427454595362,-0.190689771909,0.376911964139,0.235094763769,-0.279152183947,-0.321836349975,0.89198015019
94,2013-05-19 10:32:43,2013-05-19 10:32:48,1.0,1.0,1.0,0.0,0.0,0.0,-0.210916887486,0.355399635515,-0.397285019373,-0.203379423317,0.395783112318,0.286855321141,-0.30583299849,-0.339813737542,0.89198015019
95,2013-05-19 10:32:48,2013-05-19 10:32:53,1.0,1.0,1.0,0.0,0.0,0.0,-0.224405645322,-0.0838796530549,-0.00508053150761,-0.211857722339,-0.05014962789,0.120685905275,-0.188484754962,-0.187005943224,0.89198015019
96,2013-05-19 10:32:53,2013-05-19 10:32:58,1.0,1.0,1.0,0.0,0.0,0.0,-0.149698678844,0.287818206504,-0.306776291404,-0.161844312047,0.251252538646,-0.0277514804225,0.061269420766,-0.276892881058,0.89198015019
97,2013-05-19 10:32:58,2013-05-19 10:33:03,1.0,1.0,1.0,0.0,0.0,0.0,-0.174601001003,0.152655348483,-0.216267563435,-0.164199771393,0.309714538641,0.236955865405,-0.283176007388,-0.339813737542,0.89198015019
98,2013-05-19 10:33:03,2013-05-19 10:33:08,1.0,1.0,1.0,0.0,0.0,0.0,-0.189127355596,0.152655348483,-0.00508053150761,-0.174778529811,0.105576750322,0.0735363009035,-0.145972664665,-0.187005943224,0.89198015019
99,2013-05-19 10:33:08,2013-05-19 10:33:13,1.0,1.0,1.0,0.0,0.0,0.0,-0.149352813258,0.152655348483,-0.216267563435,-0.146343256687,0.215228015261,-0.0676125934725,0.0339888270238,-0.160039861874,0.89198015019
100,2013-05-19 10:33:13,2013-05-19 10:33:18,1.0,1.0,1.0,0.0,0.0,0.0,-0.237548537573,0.152655348483,-0.216267563435,-0.245687842641,0.308611374402,0.213416139432,-0.272094281282,-0.267904187275,0.89198015019
101,2013-05-19 10:33:18,2013-05-19 10:33:23,1.0,1.0,1.0,0.0,0.0,0.0,-0.225097376493,0.254027491999,-0.216267563435,-0.215878260164,0.355407730167,0.201461310374,-0.261315298527,-0.312847656192,0.89198015019
102,2013-05-19 10:33:23,2013-05-19 10:33:28,1.0,1.0,1.0,0.0,0.0,0.0,-0.181518312714,0.38919035002,-0.336945867393,-0.193629381191,0.380037414835,0.263737458538,-0.317466124592,-0.169028555657,0.89198015019
103,2013-05-19 10:33:28,2013-05-19 10:33:33,1.0,1.0,1.0,0.0,0.0,0.0,-0.157999452897,0.152655348483,-0.216267563435,-0.147568339922,0.255966782519,0.229331610947,-0.286444347867,-0.169028555657,-1.88499365072
104,2013-05-19 10:33:33,2013-05-19 10:33:38,1.0,1.0,1.0,0.0,0.0,0.0,-0.181518312714,0.490562493536,-0.517963323331,-0.175487900978,0.462667009587,0.33875924023,-0.385108956382,-0.402734594026,0.89198015019
105,2013-05-19 10:33:38,2013-05-19 10:33:43,1.0,1.0,1.0,0.0,0.0,0.0,-0.186360430912,0.38919035002,-0.427454595362,-0.182080274087,0.422156766638,0.308548156497,-0.342464048103,-0.402734594026,-1.1907502005
106,2013-05-19 10:33:43,2013-05-19 10:33:48,1.0,1.0,1.0,0.0,0.0,0.0,-0.183593506228,0.254027491999,-0.306776291404,-0.177102630498,0.308760058486,0.256259208555,-0.235647109078,-0.312847656192,-0.496506750267
107,2013-05-19 10:33:48,2013-05-19 10:33:53,1.0,1.0,1.0,0.0,0.0,0.0,-0.230977091448,0.254027491999,-0.306776291404,-0.216744874815,0.175517701879,0.153301718281,-0.21789256031,-0.285881574842,0.89198015019
108,2013-05-19 10:33:53,2013-05-19 10:33:58,1.0,1.0,1.0,0.0,0.0,0.0,-0.182901775057,0.38919035002,-0.427454595362,-0.186092029988,0.285367469399,0.203213030672,-0.188381938521,-0.384757206459,0.197736699961
109,2013-05-19 10:33:58,2013-05-19 10:34:03,1.0,1.0,1.0,0.0,0.0,0.0,-0.182210043886,0.254027491999,-0.306776291404,-0.1789551224,0.391419365805,0.272053917675,-0.292410663169,-0.339813737542,-0.496506750267
110,2013-05-19 10:34:03,2013-05-19 10:34:08,1.0,1.0,1.0,0.0,0.0,0.0,-0.187743893254,0.254027491999,-0.306776291404,-0.177173927565,0.452500229187,0.325396125148,-0.363958373086,-0.312847656192,-0.496506750267
111,2013-05-19 10:34:08,2013-05-19 10:34:13,1.0,1.0,1.0,0.0,0.0,0.0,-0.186360430912,0.38919035002,-0.427454595362,-0.182295669104,0.387078352501,0.250342773491,-0.269990322392,-0.339813737542,0.197736699961
112,2013-05-19 10:34:13,2013-05-19 10:34:18,1.0,1.0,1.0,0.0,0.0,0.0,-0.199849188748,0.38919035002,-0.427454595362,-0.194667385327,0.384811588667,0.300480568441,-0.31193084685,-0.303858962408,0.89198015019
113,2013-05-19 10:34:18,2013-05-19 10:34:23,1.0,1.0,1.0,0.0,0.0,0.0,-0.202961979018,0.254027491999,-0.306776291404,-0.200419856913,0.344940856769,0.287847219229,-0.251471726222,-0.303858962408,0.197736699961
114,2013-05-19 10:34:23,2013-05-19 10:34:28,1.0,1.0,1.0,0.0,0.0,0.0,-0.253804220094,-0.320414654592,0.296615228389,-0.242860713825,-0.307900601659,-0.142614612884,0.284500651952,0.343326989998,0.89198015019
115,2013-05-19 10:34:28,2013-05-19 10:34:33,1.0,1.0,1.0,0.0,0.0,0.0,-0.299458477386,0.355399635515,-0.397285019373,-0.28379918685,0.302050369701,0.194690441303,-0.25521039476,-0.375768512676,0.89198015019
116,2013-05-19 10:34:33,2013-05-19 10:34:38,1.0,1.0,1.0,0.0,0.0,0.0,-0.184285237399,0.38919035002,-0.306776291404,-0.197442437618,0.376535839193,0.223656606197,-0.281327522019,-0.339813737542,0.89198015019
117,2013-05-19 10:34:38,2013-05-19 10:34:43,1.0,1.0,1.0,0.0,0.0,0.0,-0.154886662627,0.38919035002,-0.336945867393,-0.155847989834,0.388701430076,0.249043276834,-0.277964019778,-0.321836349975,0.197736699961
118,2013-05-19 10:34:43,2013-05-19 10:34:48,1.0,1.0,1.0,0.0,0.0,0.0,-0.230285360277,0.254027491999,-0.306776291404,-0.208822046806,0.120978833217,0.162065490299,-0.188250204507,-0.321836349975,0.89198015019
119,2013-05-19 10:34:48,2013-05-19 10:34:53,1.0,1.0,1.0,0.0,0.0,0.0,-0.295999821531,-0.0500889385495,-0.0352501074972,-0.292702470029,0.163601036905,0.155097392837,-0.0664630748832,-0.0162207613389,0.197736699961
120,2013-05-19 10:34:53,2013-05-19 10:34:58,1.0,1.0,1.0,0.0,0.0,0.0,-0.210225156315,-0.793484657667,0.628480564274,-0.175786361307,0.161631695436,0.0878399353556,-0.158869430343,0.289394827298,-0.496506750267
121,2013-05-19 10:34:58,2013-05-19 10:35:03,1.0,1.0,1.0,0.0,0.0,0.0,-0.234089881718,0.152655348483,-0.0955892594765,-0.247608423142,-0.147329287828,-0.0954134802961,0.163611861672,-0.41172328781,0.197736699961
122,2013-05-19 10:35:03,2013-05-19 10:35:08,1.0,1.0,1.0,0.0,0.0,0.0,-0.170104748391,0.287818206504,-0.336945867393,-0.186443494016,0.315375697917,0.024117478568,-0.0107747508571,-0.348802431326,-0.496506750267
123,2013-05-19 10:35:08,2013-05-19 10:35:13,1.0,1.0,1.0,0.0,0.0,0.0,-0.146240022989,0.287818206504,-0.336945867393,-0.13407051501,0.318660968405,0.238017910839,-0.294276285594,-0.357791125109,-0.496506750267
124,2013-05-19 10:35:13,2013-05-19 10:35:18,1.0,1.0,1.0,0.0,0.0,0.0,-0.171834076319,0.625725351558,-0.63864162729,-0.168803864533,0.514628183942,0.377052865929,-0.367071550775,-0.41172328781,-2.57923710095
125,2013-05-19 10:35:18,2013-05-19 10:35:23,1.0,1.0,1.0,0.0,0.0,0.0,-0.180480715958,0.254027491999,-0.306776291404,-0.171502347274,0.400875926355,0.286013346989,-0.306559483197,-0.41172328781,-1.1907502005
126,2013-05-19 10:35:23,2013-05-19 10:35:28,1.0,1.0,1.0,0.0,0.0,0.0,-0.1818641783,0.38919035002,-0.306776291404,-0.176657852197,0.426224998676,0.284324221251,-0.319161191504,-0.348802431326,-1.88499365072
127,2013-05-19 10:35:28,2013-05-19 10:35:33,1.0,1.0,1.0,0.0,0.0,0.0,-0.192931877037,0.38919035002,-0.427454595362,-0.180524807912,0.406170157134,0.300097061721,-0.34483580065,-0.348802431326,-1.1907502005
128,2013-05-19 10:35:33,2013-05-19 10:35:38,1.0,1.0,1.0,0.0,0.0,0.0,-0.220946989467,0.254027491999,-0.306776291404,-0.207338687681,0.353501438993,0.18971681411,-0.250725960774,-0.222960718358,0.197736699961
129,2013-05-19 10:35:38,2013-05-19 10:35:43,1.0,1.0,1.0,0.0,0.0,0.0,-0.249653833067,0.152655348483,-0.216267563435,-0.24652248551,0.257376213405,0.121446913126,-0.189170912034,-0.339813737542,0.89198015019
130,2013-05-19 10:35:43,2013-05-19 10:35:48,1.0,1.0,1.0,0.0,0.0,0.0,-0.264871918831,0.355399635515,-0.397285019373,-0.253308522067,0.265253336129,0.23398070495,-0.234667562457,-0.339813737542,0.89198015019
131,2013-05-19 10:35:48,2013-05-19 10:35:53,1.0,1.0,1.0,0.0,0.0,0.0,-0.280781735767,0.254027491999,-0.306776291404,-0.273014554061,0.348178436547,0.242264816811,-0.293084099542,-0.303858962409,0.89198015019
132,2013-05-19 10:35:53,2013-05-19 10:35:58,1.0,1.0,1.0,0.0,0.0,0.0,-0.301533670899,0.490562493536,-0.517963323331,-0.294414748405,0.452883108444,0.326677040945,-0.369633147332,-0.303858962409,0.197736699961
133,2013-05-19 10:35:58,2013-05-19 10:36:03,1.0,1.0,1.0,0.0,0.0,0.0,-0.319518681348,0.38919035002,-0.427454595362,-0.310330011133,0.324128916829,0.267394748466,-0.320763692869,-0.303858962409,-1.1907502005
134,2013-05-19 10:36:03,2013-05-19 10:36:08,1.0,1.0,1.0,0.0,0.0,0.0,-0.325052530717,0.490562493536,-0.517963323331,-0.319521263994,0.432639377516,0.306107819108,-0.355669045241,-0.43868936916,-1.88499365072
135,2013-05-19 10:36:08,2013-05-19 10:36:13,1.0,1.0,1.0,0.0,0.0,0.0,-0.327819455401,0.625725351558,-0.63864162729,-0.321598540225,0.527831324055,0.390217834768,-0.431197071747,-0.447678062943,-2.57923710095
136,2013-05-19 10:36:13,2013-05-19 10:36:18,1.0,1.0,1.0,0.0,0.0,0.0,-0.328857052158,0.524353208042,-0.548132899321,-0.322627399633,0.500857672245,0.365217023941,-0.402434857473,-0.447678062943,-1.88499365072
137,2013-05-19 10:36:18,2013-05-19 10:36:23,1.0,1.0,1.0,0.0,0.0,0.0,-0.328857052158,0.524353208042,-0.548132899321,-0.322630120263,0.500864392526,0.365220367466,-0.402442005093,-0.447678062943,-2.57923710095
138,2013-05-19 10:36:23,2013-05-19 10:36:28,1.0,1.0,1.0,0.0,0.0,0.0,-0.328857052158,0.524353208042,-0.548132899321,-0.32262379014,0.500864395158,0.365220368053,-0.402442005936,-0.447678062943,-2.57923710095
139,2013-05-19 10:36:28,2013-05-19 10:36:33,1.0,1.0,1.0,0.0,0.0,0.0,-0.32712772423,0.38919035002,-0.427454595362,-0.325998500122,0.452187723028,0.308370605239,-0.350093814176,-0.366779818892,-1.1907502005
140,2013-05-19 10:36:33,2013-05-19 10:36:38,1.0,1.0,1.0,0.0,0.0,0.0,-0.275593751983,0.355399635515,-0.397285019373,-0.271573077125,0.422477224981,0.312375769946,-0.347422399322,-0.366779818892,-0.496506750267
141,2013-05-19 10:36:38,2013-05-19 10:36:43,1.0,1.0,1.0,0.0,0.0,0.0,-0.319518681348,0.490562493536,-0.517963323331,-0.30683747748,0.40630799977,0.28678337898,-0.338245307447,-0.43868936916,-0.496506750267
142,2013-05-19 10:36:43,2013-05-19 10:36:48,1.0,1.0,1.0,0.0,0.0,0.0,-0.322285606032,0.490562493536,-0.517963323331,-0.314958033424,0.455201877909,0.32656124251,-0.370947634826,-0.402734594026,-1.88499365072
143,2013-05-19 10:36:48,2013-05-19 10:36:53,1.0,1.0,1.0,0.0,0.0,0.0,-0.327819455401,0.625725351558,-0.63864162729,-0.321572173112,0.526050838915,0.38648654767,-0.428141928356,-0.474644144294,-3.27348055118
144,2013-05-19 10:36:53,2013-05-19 10:36:58,1.0,1.0,1.0,0.0,0.0,0.0,-0.3302405145,0.38919035002,-0.427454595362,-0.321622877666,0.524636826569,0.382772628667,-0.424793300895,-0.41172328781,-2.57923710095
145,2013-05-19 10:36:58,2013-05-19 10:37:03,1.0,1.0,1.0,0.0,0.0,0.0,-0.378661696477,0.38919035002,-0.427454595362,-0.369997417669,0.316741691036,0.195978347864,-0.256371626138,-0.285881574842,0.197736699961
146,2013-05-19 10:37:03,2013-05-19 10:37:08,1.0,1.0,1.0,0.0,0.0,0.0,-0.409789599176,0.38919035002,-0.427454595362,-0.398810746521,0.324030503515,0.23864052765,-0.294837663414,-0.375768512676,-0.496506750267
147,2013-05-19 10:37:08,2013-05-19 10:37:13,1.0,1.0,1.0,0.0,0.0,0.0,-0.427082878453,0.625725351558,-0.63864162729,-0.419041058702,0.399640002947,0.346408650573,-0.357686756913,-0.474644144294,-3.27348055118
148,2013-05-19 10:37:13,2013-05-19 10:37:18,1.0,1.0,1.0,0.0,0.0,0.0,-0.427082878453,0.625725351558,-0.63864162729,-0.420178909326,0.52856676609,0.390429535782,-0.431697094277,-0.474644144294,-3.27348055118
149,2013-05-19 10:37:18,2013-05-19 10:37:23,1.0,1.0,1.0,0.0,0.0,0.0,-0.427082878453,0.625725351558,-0.63864162729,-0.420179444264,0.528620824993,0.390512765589,-0.431772137814,-0.474644144294,-3.27348055118
150,2013-05-19 10:37:23,2013-05-19 10:37:28,1.0,1.0,1.0,0.0,0.0,0.0,-0.414977582959,0.38919035002,-0.427454595362,-0.408195982473,0.314559316842,0.227305749591,-0.284617745034,-0.285881574842,-1.1907502005
151,2013-05-19 10:37:28,2013-05-19 10:37:33,1.0,1.0,1.0,0.0,0.0,0.0,-0.418436238815,0.38919035002,-0.427454595362,-0.415082264842,0.472609876448,0.322337281344,-0.348733387901,-0.41172328781,-1.1907502005
152,2013-05-19 10:37:33,2013-05-19 10:37:38,1.0,1.0,1.0,0.0,0.0,0.0,-0.419819701157,0.38919035002,-0.427454595362,-0.410512047806,0.397399663132,0.278668456954,-0.330928548325,-0.41172328781,-1.1907502005
153,2013-05-19 10:37:38,2013-05-19 10:37:43,1.0,1.0,1.0,0.0,0.0,0.0,-0.422240760256,0.38919035002,-0.427454595362,-0.412864997899,0.414573471459,0.279881808111,-0.332022557376,-0.41172328781,-1.88499365072
154,2013-05-19 10:37:43,2013-05-19 10:37:48,1.0,1.0,1.0,0.0,0.0,0.0,-0.383503814674,0.38919035002,-0.427454595362,-0.388115806037,0.408879977849,0.294545489989,-0.345243957139,-0.348802431326,-2.57923710095
155,2013-05-19 10:37:48,2013-05-19 10:37:53,1.0,1.0,1.0,0.0,0.0,0.0,-0.403909884222,0.38919035002,-0.427454595362,-0.386049792818,0.398539281601,0.348208994601,-0.382479041652,-0.375768512676,-2.57923710095
156,2013-05-19 10:37:53,2013-05-19 10:37:58,1.0,1.0,1.0,0.0,0.0,0.0,-0.42812047521,0.524353208042,-0.548132899321,-0.421234482252,0.50085544481,0.365216499857,-0.402434070713,-0.447678062943,-2.57923710095
157,2013-05-19 10:37:58,2013-05-19 10:38:03,1.0,1.0,1.0,0.0,0.0,0.0,-0.428812206381,0.490562493536,-0.427454595362,-0.421894611861,0.464520047637,0.332133143075,-0.379134585137,-0.447678062943,-1.1907502005
158,2013-05-19 10:38:03,2013-05-19 10:38:08,1.0,1.0,1.0,0.0,0.0,0.0,-0.425353550525,0.38919035002,-0.427454595362,-0.41947569521,0.482855887316,0.357356644692,-0.381480272055,-0.41172328781,-0.496506750267
159,2013-05-19 10:38:08,2013-05-19 10:38:13,1.0,1.0,1.0,0.0,0.0,0.0,-0.574767483482,-1.6382525203,1.38271996401,-0.548088587821,-0.706143541228,-0.525372477964,0.656162906356,-0.321836349975,-0.496506750267
160,2013-05-19 10:38:13,2013-05-19 10:38:18,1.0,1.0,1.0,0.0,0.0,0.0,-0.598632208885,-0.861066086678,0.688819716254,-0.52933623036,0.351466520106,-0.0451630516725,-0.0389482757633,0.864671229437,0.197736699961
161,2013-05-19 10:38:18,2013-05-19 10:38:23,2.0,1.0,1.0,0.0,0.0,0.0,-0.750813066526,-0.354205369098,1.95594190782,-0.78508680579,-1.618747859,-1.21304603743,1.01406473692,0.253440052164,0.197736699961
162,2013-05-19 10:38:23,2013-05-19 10:38:28,1.0,1.0,1.0,0.0,0.0,0.0,-0.546060639882,0.152655348483,-0.216267563435,-0.551649036006,0.0878842267942,-0.0576241839757,-0.0277127884516,-0.195994637007,-0.496506750267
163,2013-05-19 10:38:28,2013-05-19 10:38:33,1.0,1.0,1.0,0.0,0.0,0.0,-0.388345932872,0.38919035002,-0.427454595362,-0.394709632286,0.454598307122,0.295086541627,-0.345731792326,2.00623533993,-0.496506750267
164,2013-05-19 10:38:33,2013-05-19 10:38:38,2.0,1.0,1.0,0.0,0.0,0.0,-0.571308827627,-2.41543895392,2.07662021178,-0.543877131286,-2.40622978054,-1.84420658143,2.1805822763,2.00623533993,0.89198015019
165,2013-05-19 10:38:38,2013-05-19 10:38:43,1.0,1.0,1.0,0.0,0.0,0.0,-0.404601615393,-0.320414654592,0.20610650042,-0.419806030399,-0.12654792943,0.0433224808953,0.00987123007426,-0.231949412141,0.197736699961
166,2013-05-19 10:38:43,2013-05-19 10:38:48,1.0,1.0,1.0,0.0,0.0,0.0,-0.228210166763,0.38919035002,-0.306776291404,-0.23035018703,0.317385637614,0.176429874614,-0.238745890545,-0.312847656192,0.89198015019
167,2013-05-19 10:38:48,2013-05-19 10:38:53,1.0,1.0,1.0,0.0,0.0,0.0,-0.203999575775,0.254027491999,-0.306776291404,-0.203503009092,0.410515956632,0.293743366926,-0.331654511674,-0.375768512676,0.89198015019
168,2013-05-19 10:38:53,2013-05-19 10:38:58,1.0,1.0,1.0,0.0,0.0,0.0,-0.154540797042,0.38919035002,-0.427454595362,-0.164865323469,0.360377734829,0.268098702279,-0.321398407592,-0.276892881058,0.197736699961
169,2013-05-19 10:38:58,2013-05-19 10:39:03,1.0,1.0,1.0,0.0,0.0,0.0,-0.0027058049863,0.287818206504,-0.336945867393,0.0127045799693,0.252604125555,0.237853582636,-0.294128120292,-0.0701529240394,0.89198015019
170,2013-05-19 10:39:03,2013-05-19 10:39:08,1.0,1.0,1.0,0.0,0.0,0.0,0.0145874742911,0.118864633977,-0.186097987445,0.00411314192149,0.188134275148,0.0688698509974,-0.108947880764,-0.187005943224,0.197736699961
171,2013-05-19 10:39:08,2013-05-19 10:39:13,1.0,1.0,1.0,0.0,0.0,0.0,-0.161803974338,0.490562493536,-0.517963323331,-0.137701472439,0.115415365757,0.219781873416,-0.231010501248,-0.402734594026,0.89198015019
172,2013-05-19 10:39:13,2013-05-19 10:39:18,1.0,1.0,1.0,0.0,0.0,0.0,-0.156961856141,0.490562493536,-0.517963323331,-0.151045953348,0.436022455996,0.311489037564,-0.36052098086,-0.393745900243,0.197736699961
173,2013-05-19 10:39:18,2013-05-19 10:39:23,1.0,1.0,1.0,0.0,0.0,0.0,-0.157653587312,0.152655348483,-0.216267563435,-0.152924410275,0.466095959633,0.315416213976,-0.36406189028,-0.375768512676,0.89198015019
174,2013-05-19 10:39:23,2013-05-19 10:39:28,1.0,1.0,1.0,0.0,0.0,0.0,-0.135172324251,0.38919035002,-0.427454595362,-0.134096755877,0.393342687149,0.32894249673,-0.343585911267,-0.384757206459,0.89198015019
175,2013-05-19 10:39:28,2013-05-19 10:39:33,1.0,1.0,1.0,0.0,0.0,0.0,-0.111653464434,0.38919035002,-0.427454595362,-0.110646786389,0.375923450531,0.294381925254,-0.337229448608,-0.41172328781,0.89198015019
176,2013-05-19 10:39:33,2013-05-19 10:39:38,1.0,1.0,1.0,0.0,0.0,0.0,-0.100239900111,0.254027491999,-0.306776291404,-0.099121188882,0.414256863784,0.323597652797,-0.371438623777,-0.339813737542,0.89198015019
177,2013-05-19 10:39:38,2013-05-19 10:39:43,1.0,1.0,1.0,0.0,0.0,0.0,-0.124796356685,0.254027491999,-0.306776291404,-0.112759386464,0.368221008188,0.241982623951,-0.297482694334,-0.41172328781,0.89198015019
178,2013-05-19 10:39:43,2013-05-19 10:39:48,1.0,1.0,1.0,0.0,0.0,0.0,-0.164570899023,0.254027491999,-0.306776291404,-0.157922922321,0.327387690739,0.233572015968,-0.290267677532,-0.321836349975,0.89198015019
179,2013-05-19 10:39:48,2013-05-19 10:39:53,1.0,1.0,1.0,0.0,0.0,0.0,-0.240661327843,0.254027491999,-0.306776291404,-0.226757669969,0.293752170546,0.185081165735,-0.236518184885,-0.321836349975,-0.496506750267
180,2013-05-19 10:39:53,2013-05-19 10:39:58,1.0,1.0,1.0,0.0,0.0,0.0,-0.22924776352,0.254027491999,-0.306776291404,-0.225297647866,0.38062566058,0.248232823613,-0.284290600311,-0.285881574842,0.89198015019
181,2013-05-19 10:39:58,2013-05-19 10:40:03,1.0,1.0,1.0,0.0,0.0,0.0,-0.257262875949,0.38919035002,-0.427454595362,-0.249674465141,0.328258047549,0.240291785789,-0.296326508041,-0.285881574842,-0.496506750267
182,2013-05-19 10:40:03,2013-05-19 10:40:08,1.0,1.0,1.0,0.0,0.0,0.0,-0.251729026581,0.490562493536,-0.397285019373,-0.247371632129,0.401005279912,0.282219572731,-0.322314490659,-0.366779818892,0.89198015019
183,2013-05-19 10:40:08,2013-05-19 10:40:13,1.0,1.0,1.0,0.0,0.0,0.0,-0.260029800634,0.355399635515,-0.397285019373,-0.253421856372,0.430248778104,0.328903212891,-0.301981094151,-0.402734594026,0.197736699961
184,2013-05-19 10:40:13,2013-05-19 10:40:18,1.0,1.0,1.0,0.0,0.0,0.0,-0.278014811082,0.355399635515,-0.397285019373,-0.265922785596,0.414203789003,0.242032123167,-0.297895670301,-0.402734594026,0.89198015019
185,2013-05-19 10:40:18,2013-05-19 10:40:23,1.0,1.0,1.0,0.0,0.0,0.0,-0.290465972162,0.355399635515,-0.397285019373,-0.283224277983,0.366653682569,0.245077296719,-0.300641328398,-0.258915493491,0.197736699961
186,2013-05-19 10:40:23,2013-05-19 10:40:28,1.0,1.0,1.0,0.0,0.0,0.0,-0.297383283873,0.355399635515,-0.397285019373,-0.290969380828,0.292013413061,0.271994010636,-0.279536580828,-0.366779818892,0.89198015019
187,2013-05-19 10:40:28,2013-05-19 10:40:33,1.0,1.0,1.0,0.0,0.0,0.0,-0.309834444953,0.490562493536,-0.517963323331,-0.304167742842,0.446580614157,0.303372952668,-0.353203173245,-0.402734594026,-0.496506750267
188,2013-05-19 10:40:33,2013-05-19 10:40:38,1.0,1.0,1.0,0.0,0.0,0.0,-0.31156377288,0.254027491999,-0.306776291404,-0.304801324998,0.334305027582,0.294121046586,-0.300361885722,-0.348802431326,-0.496506750267
189,2013-05-19 10:40:38,2013-05-19 10:40:43,1.0,1.0,1.0,0.0,0.0,0.0,-0.309834444953,0.38919035002,-0.427454595362,-0.304297583301,0.387337152892,0.334572753035,-0.339207205259,-0.339813737542,0.89198015019
190,2013-05-19 10:40:43,2013-05-19 10:40:48,1.0,1.0,1.0,0.0,0.0,0.0,-0.350646584047,0.254027491999,-0.306776291404,-0.332184802673,0.218442542618,0.253879152066,-0.252349204903,-0.187005943224,-0.496506750267
191,2013-05-19 10:40:48,2013-05-19 10:40:53,1.0,1.0,1.0,0.0,0.0,0.0,-0.372090250351,0.254027491999,-0.306776291404,-0.368998273519,0.310287331378,0.195142771946,-0.211272970682,-0.339813737542,-0.496506750267
192,2013-05-19 10:40:53,2013-05-19 10:40:58,1.0,1.0,1.0,0.0,0.0,0.0,-0.371744384766,0.118864633977,-0.186097987445,-0.366716769477,0.365755997283,0.250620810181,-0.305639596103,-0.339813737542,0.89198015019
193,2013-05-19 10:40:58,2013-05-19 10:41:03,1.0,1.0,1.0,0.0,0.0,0.0,-0.408752002419,0.254027491999,-0.306776291404,-0.384035161272,0.156911083012,0.24652568205,-0.223828406723,-0.106107699173,0.89198015019
194,2013-05-19 10:41:03,2013-05-19 10:41:08,1.0,1.0,1.0,0.0,0.0,0.0,-0.381082755575,0.254027491999,-0.216267563435,-0.389331295807,0.311425710411,0.253107567643,-0.265338735376,-0.267904187275,0.89198015019
195,2013-05-19 10:41:08,2013-05-19 10:41:13,1.0,1.0,1.0,0.0,0.0,0.0,-0.383157949089,0.38919035002,-0.427454595362,-0.378829007391,0.40116617792,0.270093067013,-0.310799816577,-0.375768512676,0.197736699961
196,2013-05-19 10:41:13,2013-05-19 10:41:18,1.0,1.0,1.0,0.0,0.0,0.0,-0.367248132153,0.254027491999,-0.306776291404,-0.356418588128,0.406243611465,0.228678826286,-0.285855769429,-0.285881574842,0.89198015019
197,2013-05-19 10:41:18,2013-05-19 10:41:23,1.0,1.0,1.0,0.0,0.0,0.0,-0.30533819234,0.490562493536,-0.306776291404,-0.312573500884,0.330396127277,0.193624092984,-0.254248929726,-0.240938105925,0.89198015019
198,2013-05-19 10:41:23,2013-05-19 10:41:28,1.0,1.0,1.0,0.0,0.0,0.0,-0.250345564238,0.355399635515,-0.397285019373,-0.246635957275,0.384194174452,0.282713068121,-0.334575341918,-0.366779818892,0.89198015019
199,2013-05-19 10:41:28,2013-05-19 10:41:33,1.0,1.0,1.0,0.0,0.0,0.0,-0.28908250982,0.490562493536,-0.517963323331,-0.279934054316,0.446721780055,0.332358077305,-0.361341427607,-0.366779818892,0.89198015019
200,2013-05-19 10:41:33,2013-05-19 10:41:38,1.0,1.0,1.0,0.0,0.0,0.0,-0.335082632698,0.254027491999,-0.306776291404,-0.319959635453,0.352639773349,0.17912985767,-0.241180310198,-0.339813737542,0.89198015019
201,2013-05-19 10:41:38,2013-05-19 10:41:43,1.0,1.0,1.0,0.0,0.0,0.0,-0.383157949089,0.38919035002,-0.427454595362,-0.372276217206,0.293916871384,0.315704621252,-0.339225243259,-0.402734594026,0.197736699961
202,2013-05-19 10:41:43,2013-05-19 10:41:48,1.0,1.0,1.0,0.0,0.0,0.0,-0.398030169267,0.490562493536,-0.517963323331,-0.391873274241,0.446400673498,0.331201110321,-0.372363145499,-0.366779818892,0.197736699961
203,2013-05-19 10:41:48,2013-05-19 10:41:53,1.0,1.0,1.0,0.0,0.0,0.0,-0.385579008188,0.490562493536,-0.517963323331,-0.377035795138,0.465686166898,0.34070069961,-0.379716398675,-0.43868936916,-0.496506750267
204,2013-05-19 10:41:53,2013-05-19 10:41:58,1.0,1.0,1.0,0.0,0.0,0.0,-0.387654201701,0.38919035002,-0.427454595362,-0.378510267902,0.404605161079,0.282772969841,-0.334629351858,-0.357791125109,0.197736699961
205,2013-05-19 10:41:58,2013-05-19 10:42:03,1.0,1.0,1.0,0.0,0.0,0.0,-0.375894771792,0.38919035002,-0.306776291404,-0.373852711537,0.413040080154,0.312242672747,-0.361200490422,-0.357791125109,-0.496506750267
206,2013-05-19 10:42:03,2013-05-19 10:42:08,1.0,1.0,1.0,0.0,0.0,0.0,-0.369323325667,0.38919035002,-0.427454595362,-0.362589514573,0.442111301318,0.324061355578,-0.371856717942,-0.41172328781,-1.1907502005
207,2013-05-19 10:42:08,2013-05-19 10:42:13,1.0,1.0,1.0,0.0,0.0,0.0,-0.401834690708,0.287818206504,-0.336945867393,-0.393327836314,0.319187313494,0.289009802798,-0.290885154044,-0.204983330791,0.197736699961
208,2013-05-19 10:42:13,2013-05-19 10:42:18,1.0,1.0,1.0,0.0,0.0,0.0,-0.491413877365,-0.827275372173,0.658650140264,-0.488898915786,-1.2948192663,-0.705299592018,1.02854580331,0.586021722151,0.89198015019
209,2013-05-19 10:42:18,2013-05-19 10:42:23,1.0,1.0,1.0,0.0,0.0,0.0,-0.367248132153,0.38919035002,-0.427454595362,-0.352728505288,-0.03796850773,0.179777321287,-0.124685467818,-0.312847656192,0.197736699961
210,2013-05-19 10:42:23,2013-05-19 10:42:28,1.0,1.0,1.0,0.0,0.0,0.0,-0.380045158819,0.490562493536,-0.427454595362,-0.375090770214,0.464954559842,0.347402557986,-0.374685733732,-0.348802431326,0.89198015019
211,2013-05-19 10:42:28,2013-05-19 10:42:33,1.0,1.0,1.0,0.0,0.0,0.0,-0.348917256119,0.254027491999,-0.306776291404,-0.346878707665,0.339589553977,0.255783507699,-0.262469998603,-0.276892881058,0.197736699961
212,2013-05-19 10:42:33,2013-05-19 10:42:38,1.0,1.0,1.0,0.0,0.0,0.0,-0.301879536485,0.254027491999,-0.306776291404,-0.300016288833,0.281131573581,0.168701374512,-0.231777545878,-0.249926799708,0.89198015019
213,2013-05-19 10:42:38,2013-05-19 10:42:43,1.0,1.0,1.0,0.0,0.0,0.0,-0.32401493396,0.38919035002,-0.427454595362,-0.321861235214,0.385960227047,0.26975109161,-0.322888272149,-0.348802431326,0.89198015019
214,2013-05-19 10:42:43,2013-05-19 10:42:48,1.0,1.0,1.0,0.0,0.0,0.0,-0.299804342972,0.254027491999,-0.306776291404,-0.290012801225,0.339800704531,0.271498775705,-0.300202378674,-0.339813737542,0.89198015019
215,2013-05-19 10:42:48,2013-05-19 10:42:53,1.0,1.0,1.0,0.0,0.0,0.0,-0.247578639554,0.355399635515,-0.397285019373,-0.246844771674,0.391599880033,0.305867296955,-0.344753078747,-0.402734594026,0.89198015019
216,2013-05-19 10:42:53,2013-05-19 10:42:58,1.0,1.0,1.0,0.0,0.0,0.0,-0.285623853964,0.254027491999,-0.306776291404,-0.278563643361,0.41841163801,0.297711139788,-0.348077021521,-0.375768512676,0.197736699961
217,2013-05-19 10:42:58,2013-05-19 10:43:03,1.0,1.0,1.0,0.0,0.0,0.0,-0.304300595584,0.254027491999,-0.306776291404,-0.294320756528,0.353119676557,0.279443904678,-0.321981033423,-0.375768512676,0.89198015019
218,2013-05-19 10:43:03,2013-05-19 10:43:08,1.0,1.0,1.0,0.0,0.0,0.0,-0.326090127473,0.38919035002,-0.306776291404,-0.309932042342,0.289874765754,0.173837845232,-0.23640880652,-0.249926799708,0.89198015019
219,2013-05-19 10:43:08,2013-05-19 10:43:13,1.0,1.0,1.0,0.0,0.0,0.0,-0.405293346564,0.152655348483,-0.216267563435,-0.395842114601,0.207669113239,0.0715477364601,-0.143101392187,-0.258915493491,0.89198015019
220,2013-05-19 10:43:13,2013-05-19 10:43:18,1.0,1.0,1.0,0.0,0.0,0.0,-0.353413508732,0.38919035002,-0.427454595362,-0.355039132804,0.366215468843,0.245104811693,-0.300259095947,-0.348802431326,0.197736699961
221,2013-05-19 10:43:18,2013-05-19 10:43:23,1.0,1.0,1.0,0.0,0.0,0.0,-0.328165320987,0.38919035002,-0.427454595362,-0.324017326,0.274785987989,0.196347518081,-0.25670448572,-0.348802431326,-0.496506750267
222,2013-05-19 10:43:23,2013-05-19 10:43:28,1.0,1.0,1.0,0.0,0.0,0.0,-0.362406013956,0.38919035002,-0.306776291404,-0.346721101862,0.27129157431,0.244700747293,-0.244935797682,-0.375768512676,-1.1907502005
223,2013-05-19 10:43:28,2013-05-19 10:43:33,1.0,1.0,1.0,0.0,0.0,0.0,-0.527038032676,-0.725903228657,0.568141412295,-0.430158591208,-0.246009510109,-0.254345288332,0.149659332971,0.990512942405,-0.496506750267
224,2013-05-19 10:43:33,2013-05-19 10:43:38,1.0,1.0,2.0,0.0,0.0,0.0,-0.474466463673,0.287818206504,0.688819716254,-0.542896673031,-0.98652074965,-0.70588377247,0.796998691202,0.379281765132,0.197736699961
225,2013-05-19 10:43:38,2013-05-19 10:43:43,2.0,2.0,2.0,0.0,0.0,0.0,-0.925821052813,-7.04476684116,6.20985212235,-0.884329246497,-4.95470016549,-3.86463833984,4.52884266551,5.89833974815,0.89198015019
226,2013-05-19 10:43:43,2013-05-19 10:43:48,2.0,2.0,2.0,0.0,0.0,0.0,-0.979430218573,-4.1387653937,3.61526858725,-0.996135333386,-3.41771259718,-2.33925759452,3.04718450325,3.6511663023,0.197736699961
227,2013-05-19 10:43:48,2013-05-19 10:43:53,1.0,1.0,1.0,0.0,0.0,0.0,-0.38073688999,0.287818206504,-0.306776291404,-0.373304269309,-0.981205853027,-0.172076586351,0.591378446807,-0.0431868426892,-1.1907502005
228,2013-05-19 10:43:53,2013-05-19 10:43:58,1.0,1.0,1.0,0.0,0.0,0.0,-0.356180433416,0.38919035002,-0.427454595362,-0.349840914539,0.327902071155,0.229576583169,-0.286665225249,-0.348802431326,-1.1907502005
229,2013-05-19 10:43:58,2013-05-19 10:44:03,1.0,1.0,1.0,0.0,0.0,0.0,-0.405985077735,-0.185251796571,0.326784804378,-0.389818712068,-0.152676677696,0.0868581055434,-0.157984170792,0.181530501896,0.89198015019
230,2013-05-19 10:44:03,2013-05-19 10:44:08,1.0,1.0,1.0,0.0,0.0,0.0,-0.355488702245,-0.421786798109,0.628480564274,-0.351920043705,-0.446942179028,-0.280204576356,0.195981609296,0.334338296215,0.197736699961
231,2013-05-19 10:44:08,2013-05-19 10:44:13,1.0,1.0,1.0,0.0,0.0,0.0,-0.233052284961,0.355399635515,-0.306776291404,-0.260276973635,-0.173389369003,-0.00393692513544,0.121695981077,-0.321836349975,-1.1907502005
232,2013-05-19 10:44:13,2013-05-19 10:44:18,1.0,1.0,1.0,0.0,0.0,0.0,-0.1531573347,0.38919035002,-0.336945867393,-0.16503094598,0.311585992356,0.213813230953,-0.2724523159,-0.267904187275,-0.496506750267
233,2013-05-19 10:44:18,2013-05-19 10:44:23,1.0,1.0,1.0,0.0,0.0,0.0,-0.218180064782,-0.658321799646,0.507802260316,-0.16281207191,-0.115083063348,0.0467643099737,0.0674480240922,0.24445135838,0.197736699961
234,2013-05-19 10:44:23,2013-05-19 10:44:28,1.0,1.0,1.0,0.0,0.0,0.0,-0.379699293233,-0.523158941625,0.387123956357,-0.38790330204,-0.515577671449,-0.291445242703,0.278012491997,0.271417439731,0.89198015019
235,2013-05-19 10:44:28,2013-05-19 10:44:33,1.0,1.0,1.0,0.0,0.0,0.0,-0.240661327843,0.38919035002,-0.427454595362,-0.238900452524,0.262059346652,0.202433881887,-0.262192210402,-0.366779818892,-1.88499365072
236,2013-05-19 10:44:33,2013-05-19 10:44:38,1.0,1.0,1.0,0.0,0.0,0.0,-0.211262753072,0.524353208042,-0.548132899321,-0.207630790304,0.528349808875,0.376666183358,-0.418099365283,-0.447678062943,-2.57923710095
237,2013-05-19 10:44:38,2013-05-19 10:44:43,1.0,1.0,1.0,0.0,0.0,0.0,-0.205383038117,0.38919035002,-0.427454595362,-0.201278914439,0.470428144489,0.319835658978,-0.368046650014,-0.41172328781,-0.496506750267
238,2013-05-19 10:44:43,2013-05-19 10:44:48,1.0,1.0,1.0,0.0,0.0,0.0,-0.252766623337,0.254027491999,-0.306776291404,-0.245988272878,0.197472210432,0.0869895465102,-0.158102683562,-0.258915493491,-0.496506750267
239,2013-05-19 10:44:48,2013-05-19 10:44:53,1.0,1.0,1.0,0.0,0.0,0.0,-0.192586011452,0.38919035002,-0.336945867393,-0.192304296739,0.462816339491,0.324812942301,-0.361411742024,-0.375768512676,0.89198015019
240,2013-05-19 10:44:53,2013-05-19 10:44:58,1.0,1.0,1.0,0.0,0.0,0.0,-0.169067151635,0.38919035002,-0.336945867393,-0.170420139245,0.443236667169,0.306277971698,-0.348171823382,-0.357791125109,0.197736699961
241,2013-05-19 10:44:58,2013-05-19 10:45:03,1.0,1.0,1.0,0.0,0.0,0.0,-0.221292855052,-0.793484657667,0.628480564274,-0.210717056268,-0.385639735465,-0.32491530624,0.459815174094,0.568044334584,0.197736699961
242,2013-05-19 10:45:03,2013-05-19 10:45:08,1.0,1.0,1.0,0.0,0.0,0.0,-0.16318743668,0.38919035002,-0.427454595362,-0.161169874732,0.386183196635,0.277626429679,-0.256115021343,-0.348802431326,-0.496506750267
243,2013-05-19 10:45:08,2013-05-19 10:45:13,2.0,1.0,1.0,0.0,0.0,0.0,-0.61765481609,-1.6382525203,1.38271996401,-0.460613323892,-2.44473902145,-0.561165344829,0.957942291691,2.72533084261,0.89198015019
244,2013-05-19 10:45:13,2013-05-19 10:45:18,1.0,1.0,1.0,0.0,0.0,0.0,-0.506286097544,0.625725351558,-0.00508053150761,-0.66326685303,0.386175311778,-0.0642951703889,-0.0188705077161,0.0646774827119,-0.496506750267
245,2013-05-19 10:45:18,2013-05-19 10:45:23,1.0,1.0,1.0,0.0,0.0,0.0,-0.0293374550735,0.355399635515,-0.397285019373,-0.0340512379956,0.424306386345,0.298640293311,-0.348936006116,-0.330825043759,-0.496506750267
246,2013-05-19 10:45:23,2013-05-19 10:45:28,1.0,1.0,1.0,0.0,0.0,0.0,0.0125122807778,-0.0838796530549,-0.00508053150761,0.0366055165344,0.287341688951,0.246013734097,-0.29334446855,-0.213972024574,0.197736699961
247,2013-05-19 10:45:28,2013-05-19 10:45:33,2.0,2.0,2.0,0.0,0.0,0.0,-0.450947603856,-5.65934754644,6.30036085032,-0.432969433877,-3.81486626192,-3.26062966288,3.5501196985,4.28936356092,-0.496506750267
248,2013-05-19 10:45:33,2013-05-19 10:45:38,1.0,1.0,1.0,0.0,0.0,0.0,-0.221638720638,0.355399635515,-0.397285019373,-0.216959571922,0.396610247882,0.300899488577,-0.28528481518,-0.267904187275,-1.88499365072
249,2013-05-19 10:45:38,2013-05-19 10:45:43,1.0,1.0,1.0,0.0,0.0,0.0,-0.249653833067,0.254027491999,-0.306776291404,-0.245569146716,0.296890465429,0.218295278864,-0.269796121525,-0.375768512676,-0.496506750267
250,2013-05-19 10:45:43,2013-05-19 10:45:48,1.0,1.0,1.0,0.0,0.0,0.0,-0.24481171487,0.0174924904612,-0.0955892594765,-0.241162552356,-0.0371130216846,0.104890670017,-0.0453570652797,-0.0252094551223,-0.496506750267
251,2013-05-19 10:45:48,2013-05-19 10:45:53,1.0,1.0,1.0,0.0,0.0,0.0,-0.132405399567,0.38919035002,-0.336945867393,-0.139317296845,0.425649537454,0.270322479981,-0.323403460226,-0.169028555657,0.197736699961
252,2013-05-19 10:45:53,2013-05-19 10:45:58,1.0,1.0,1.0,0.0,0.0,0.0,-0.0310667830012,0.254027491999,-0.306776291404,-0.0352313368269,0.304555775916,0.133140296277,-0.19971416403,-0.169028555657,0.197736699961
253,2013-05-19 10:45:58,2013-05-19 10:46:03,0.0,1.0,1.0,2.0,0.0,0.0,-0.430541534309,-2.48302038294,2.13695936376,-0.394681718424,-2.11955374035,-0.707764872715,0.920037271468,1.43994763158,0.197736699961
254,2013-05-19 10:46:03,2013-05-19 10:46:08,1.0,1.0,1.0,0.0,0.0,0.0,-0.0542397772329,0.355399635515,-0.336945867393,-0.0815148207699,0.410339766092,-0.346621735006,0.23285970518,-0.204983330791,0.197736699961
255,2013-05-19 10:46:08,2013-05-19 10:46:13,1.0,1.0,1.0,0.0,0.0,0.0,-0.0248412024614,0.0174924904612,-0.0955892594765,0.00616790996393,-0.113503660806,0.139462802945,0.0295322513268,0.145575726763,0.89198015019
256,2013-05-19 10:46:13,2013-05-19 10:46:18,1.0,1.0,1.0,0.0,0.0,0.0,-0.0397134226399,-0.0838796530549,0.0854281964613,-0.05157557228,-0.463164984813,-0.0550722350927,0.206892741184,0.343326989998,0.89198015019
257,2013-05-19 10:46:18,2013-05-19 10:46:23,1.0,1.0,1.0,0.0,0.0,0.0,-0.0604653577728,-0.185251796571,0.296615228389,-0.0747245064627,0.000557635201741,-0.157045730788,0.0619299101842,0.0467000951451,0.89198015019
258,2013-05-19 10:46:23,2013-05-19 10:46:28,1.0,1.0,1.0,0.0,0.0,0.0,0.109354644731,0.355399635515,-0.306776291404,0.106698925945,0.300772117657,0.190783587951,-0.219632574222,-0.41172328781,-0.496506750267
259,2013-05-19 10:46:28,2013-05-19 10:46:33,1.0,1.0,1.0,0.0,0.0,0.0,0.0896403063549,0.254027491999,-0.306776291404,0.0906475245057,0.325098291487,0.246479859632,-0.268222801926,-0.330825043759,-0.496506750267
260,2013-05-19 10:46:33,2013-05-19 10:46:38,1.0,1.0,1.0,0.0,0.0,0.0,0.155008902023,0.38919035002,-0.427454595362,0.158495760528,0.281955832558,0.198549796876,-0.258690154025,-0.285881574842,-0.496506750267
261,2013-05-19 10:46:38,2013-05-19 10:46:43,1.0,1.0,1.0,0.0,0.0,0.0,0.150166783826,0.38919035002,-0.427454595362,0.146498633239,0.398843824482,0.259132323537,-0.298451282665,-0.0162207613389,-1.1907502005
262,2013-05-19 10:46:43,2013-05-19 10:46:48,1.0,1.0,1.0,0.0,0.0,0.0,0.245279819851,0.38919035002,-0.306776291404,0.245844432505,0.265770267609,0.165106624961,-0.228536366666,-0.0162207613389,-0.496506750267
263,2013-05-19 10:46:48,2013-05-19 10:46:53,1.0,1.0,1.0,0.0,0.0,0.0,0.170918718959,0.38919035002,-0.427454595362,0.180522794117,0.317099506705,0.281029177466,-0.333057074426,-0.285881574842,-0.496506750267
264,2013-05-19 10:46:53,2013-05-19 10:46:58,1.0,1.0,1.0,0.0,0.0,0.0,0.145324665628,0.38919035002,-0.427454595362,0.145537677974,0.457788106538,0.304579611633,-0.338667864375,-0.348802431326,0.197736699961
265,2013-05-19 10:46:58,2013-05-19 10:47:03,1.0,1.0,1.0,0.0,0.0,0.0,0.134602832476,0.38919035002,-0.427454595362,0.142721500773,0.402783678167,0.259417594252,-0.31357115107,-0.41172328781,-1.88499365072
266,2013-05-19 10:47:03,2013-05-19 10:47:08,1.0,1.0,1.0,0.0,0.0,0.0,0.130798311035,0.38919035002,-0.427454595362,0.13482572911,0.377054257345,0.29710890762,-0.347555243591,-0.41172328781,-1.1907502005
267,2013-05-19 10:47:08,2013-05-19 10:47:13,1.0,1.0,1.0,0.0,0.0,0.0,0.113505031758,0.254027491999,-0.306776291404,0.117147234582,0.407385264699,0.275984242259,-0.319200139727,-0.402734594026,0.197736699961
268,2013-05-19 10:47:13,2013-05-19 10:47:18,1.0,1.0,1.0,0.0,0.0,0.0,0.0477905705036,0.254027491999,-0.306776291404,0.0625718861456,0.292449269816,0.276828324541,-0.298520396335,-0.303858962408,-0.496506750267
269,2013-05-19 10:47:18,2013-05-19 10:47:23,1.0,1.0,1.0,0.0,0.0,0.0,-0.0144652348949,0.0174924904612,-0.0955892594765,-0.0062314378294,-0.0735446979599,0.0237027072092,0.0228200783633,-0.258915493491,-0.496506750267
270,2013-05-19 10:47:23,2013-05-19 10:47:28,1.0,1.0,1.0,0.0,0.0,0.0,-0.0390216914688,0.490562493536,-0.517963323331,-0.0340583658165,0.416219934179,0.312856809357,-0.289847403402,-0.267904187275,-0.496506750267
271,2013-05-19 10:47:28,2013-05-19 10:47:33,1.0,1.0,1.0,0.0,0.0,0.0,-0.0988564377685,0.287818206504,-0.336945867393,-0.0810831580212,0.352410652687,0.270300311965,-0.293647813235,-0.267904187275,0.197736699961
272,2013-05-19 10:47:33,2013-05-19 10:47:38,1.0,1.0,1.0,0.0,0.0,0.0,-0.160766377582,-0.455577512614,0.326784804378,-0.150431862903,0.367106117138,0.241631714848,-0.275071727994,0.478157396749,-1.1907502005
273,2013-05-19 10:47:38,2013-05-19 10:47:43,2.0,2.0,2.0,0.0,0.0,0.0,-0.366210535397,-1.87478752184,1.59390699594,-0.38319592735,-2.71403099699,-0.85173098726,1.23993138318,0.514112171883,0.89198015019
274,2013-05-19 10:47:43,2013-05-19 10:47:48,1.0,1.0,1.0,0.0,0.0,0.0,0.0799560699596,0.254027491999,-0.306776291404,0.0874245182909,0.0336354060465,0.169283943048,-0.0714813723363,-0.115096392957,-0.496506750267
275,2013-05-19 10:47:48,2013-05-19 10:47:53,1.0,1.0,1.0,0.0,0.0,0.0,-0.0165404284082,0.152655348483,-0.186097987445,0.0204822700783,-0.00857579695307,0.14527566818,-0.207014598999,-0.231949412141,0.89198015019
276,2013-05-19 10:47:53,2013-05-19 10:47:58,1.0,1.0,1.0,0.0,0.0,0.0,0.046752973747,0.287818206504,-0.306776291404,0.0182723264434,0.117036967183,0.118561206153,-0.155874800881,-0.160039861874,0.197736699961
277,2013-05-19 10:47:58,2013-05-19 10:48:03,2.0,2.0,1.0,0.0,0.0,0.0,-0.509744753399,-1.30034537525,1.08102420412,-0.190512717037,-1.26716529157,-0.110778792681,0.020213669364,7.92978454321,0.89198015019
278,2013-05-19 10:48:03,2013-05-19 10:48:08,2.0,2.0,2.0,0.0,0.0,0.0,-0.212300349828,-0.590740370635,6.27019127433,-0.48138278429,-2.64695144504,-3.87892623224,3.45055383213,7.92978454321,-0.496506750267
279,2013-05-19 10:48:08,2013-05-19 10:48:13,1.0,1.0,1.0,0.0,0.0,0.0,-0.110961733263,-0.185251796571,0.0854281964612,-2.50280225935e-05,-0.515559847539,-0.0256558164743,-0.0565368293733,-0.0252094551223,-0.496506750267
280,2013-05-19 10:48:13,2013-05-19 10:48:18,2.0,2.0,2.0,0.0,0.0,0.0,-2.3213886905,-3.73327681963,3.25323367537,-2.17740019451,-4.82595302557,-1.34806210736,1.70281523367,3.14779945043,0.89198015019
281,2013-05-19 10:48:18,2013-05-19 10:48:23,2.0,2.0,2.0,0.0,0.0,0.0,-1.28863405205,-1.6044618058,3.52475985928,-1.48282937148,-4.10788229718,-2.13216742582,1.8427837045,2.76128561774,0.89198015019
282,2013-05-19 10:48:23,2013-05-19 10:48:28,1.0,1.0,1.0,0.0,0.0,0.0,0.0640462530244,0.355399635515,-0.397285019373,0.081215312069,0.314564324189,0.250325889426,-0.305373682996,-0.384757206459,0.197736699961
283,2013-05-19 10:48:28,2013-05-19 10:48:33,1.0,1.0,1.0,0.0,0.0,0.0,0.0820312634729,0.254027491999,-0.306776291404,0.0623671034985,0.208223841447,0.266584919761,-0.161979879445,-0.213972024574,-0.496506750267
284,2013-05-19 10:48:33,2013-05-19 10:48:38,1.0,1.0,1.0,0.0,0.0,0.0,0.224182019133,0.355399635515,-0.397285019373,0.21769250801,0.413035611689,0.221047390113,-0.278974941731,-0.375768512676,-1.88499365072
285,2013-05-19 10:48:38,2013-05-19 10:48:43,1.0,1.0,1.0,0.0,0.0,0.0,0.226603078232,0.625725351558,-0.517963323331,0.227412342029,0.456865053051,0.358172274084,-0.381666565885,-0.43868936916,-2.57923710095
286,2013-05-19 10:48:43,2013-05-19 10:48:48,1.0,1.0,1.0,0.0,0.0,0.0,0.136332160404,-0.0838796530549,-0.00508053150761,0.146423883482,-0.170673793793,-0.149099905279,0.125654719634,0.00175662622795,0.89198015019
287,2013-05-19 10:48:48,2013-05-19 10:48:53,1.0,1.0,1.0,0.0,0.0,0.0,0.179219493012,0.254027491999,-0.306776291404,0.175346601065,0.421270460853,0.294714256051,-0.345396123805,-0.375768512676,0.89198015019
288,2013-05-19 10:48:53,2013-05-19 10:48:58,1.0,1.0,1.0,0.0,0.0,0.0,0.196858637875,0.254027491999,-0.306776291404,0.199298525054,0.387280903963,0.229447591899,-0.286548921229,-0.384757206459,0.197736699961
289,2013-05-19 10:48:58,2013-05-19 10:49:03,1.0,1.0,1.0,0.0,0.0,0.0,0.141866009773,0.254027491999,-0.306776291404,0.152746869701,0.342843551101,0.253316784979,-0.293978956484,-0.375768512676,-1.1907502005
290,2013-05-19 10:49:03,2013-05-19 10:49:08,1.0,1.0,1.0,0.0,0.0,0.0,0.144287068871,0.38919035002,-0.427454595362,0.140977472465,0.401181852604,0.281286826566,-0.32413121292,-0.375768512676,-1.1907502005
291,2013-05-19 10:49:08,2013-05-19 10:49:13,1.0,1.0,1.0,0.0,0.0,0.0,0.12733965518,0.490562493536,-0.517963323331,0.137436386352,0.367151323578,0.29358571737,-0.344378585292,-0.43868936916,-2.57923710095
292,2013-05-19 10:49:13,2013-05-19 10:49:18,1.0,1.0,1.0,0.0,0.0,0.0,0.151550246168,0.38919035002,-0.306776291404,0.143150701265,0.399610173512,0.251392852773,-0.279270068391,-0.339813737542,-1.1907502005
293,2013-05-19 10:49:18,2013-05-19 10:49:23,1.0,1.0,1.0,0.0,0.0,0.0,0.151896111753,0.38919035002,-0.427454595362,0.166834252676,0.322982815038,0.206189328965,-0.265578281345,-0.339813737542,-1.1907502005
294,2013-05-19 10:49:23,2013-05-19 10:49:28,1.0,1.0,1.0,0.0,0.0,0.0,0.144287068871,0.38919035002,-0.427454595362,0.142619252361,0.333853657295,0.250775048691,-0.305778664109,-0.348802431326,-1.1907502005
295,2013-05-19 10:49:28,2013-05-19 10:49:33,1.0,1.0,1.0,0.0,0.0,0.0,0.147745724727,0.38919035002,-0.427454595362,0.149356067276,0.34389260186,0.24786794679,-0.30315749729,-0.348802431326,-1.1907502005
296,2013-05-19 10:49:33,2013-05-19 10:49:38,1.0,1.0,1.0,0.0,0.0,0.0,-0.00305167057185,-0.793484657667,0.628480564274,0.0646371845488,-0.919731036409,-0.197017367185,0.390878793156,-0.187005943224,-0.496506750267
297,2013-05-19 10:49:38,2013-05-19 10:49:43,0.0,1.0,1.0,2.0,0.0,0.0,-0.0888263357877,-1.84099680733,1.56373741995,-0.153881024386,-1.77266599898,-0.485930853177,0.723501559332,0.343326989998,0.89198015019
298,2013-05-19 10:49:43,2013-05-19 10:49:48,1.0,1.0,1.0,0.0,0.0,0.0,0.155354767609,0.38919035002,-0.427454595362,0.158213220059,0.345563020478,0.277111823879,-0.329525021684,-0.375768512676,0.197736699961
299,2013-05-19 10:49:48,2013-05-19 10:49:53,1.0,1.0,1.0,0.0,0.0,0.0,0.137715622746,0.38919035002,-0.427454595362,0.139567051968,0.411027309609,0.323691208419,-0.369779344236,-0.402734594026,-0.496506750267
300,2013-05-19 10:49:53,2013-05-19 10:49:58,1.0,1.0,1.0,0.0,0.0,0.0,0.144978800043,0.38919035002,-0.427454595362,0.145424784238,0.39429057235,0.302360612576,-0.352290404327,-0.366779818892,0.89198015019
301,2013-05-19 10:49:58,2013-05-19 10:50:03,1.0,1.0,1.0,0.0,0.0,0.0,0.134256966891,0.490562493536,-0.517963323331,0.142100053222,0.424792113699,0.301459354313,-0.351477791513,-0.402734594026,-0.496506750267
302,2013-05-19 10:50:03,2013-05-19 10:50:08,1.0,1.0,1.0,0.0,0.0,0.0,0.134256966891,0.490562493536,-0.517963323331,0.136526677955,0.396650874209,0.284411086095,-0.336106347201,-0.43868936916,0.197736699961
303,2013-05-19 10:50:08,2013-05-19 10:50:13,1.0,1.0,1.0,0.0,0.0,0.0,0.138407353917,0.490562493536,-0.517963323331,0.140399285171,0.427973649192,0.298054839379,-0.34840813593,-0.402734594026,0.197736699961
304,2013-05-19 10:50:13,2013-05-19 10:50:18,1.0,1.0,1.0,0.0,0.0,0.0,0.0730387582486,0.355399635515,-0.397285019373,0.0901628330936,0.347428971596,0.273498601149,-0.326267186268,-0.402734594026,0.197736699961
305,2013-05-19 10:50:18,2013-05-19 10:50:23,1.0,1.0,1.0,0.0,0.0,0.0,-0.00789378876952,0.490562493536,-0.517963323331,-0.00325408971596,0.437086687183,0.321651639136,-0.342166682608,-0.402734594026,0.197736699961
306,2013-05-19 10:50:23,2013-05-19 10:50:28,1.0,1.0,1.0,0.0,0.0,0.0,-0.0272622615602,0.490562493536,-0.517963323331,-0.0204930850953,0.459211377236,0.342353235934,-0.383938496018,-0.43868936916,-1.88499365072
307,2013-05-19 10:50:28,2013-05-19 10:50:33,1.0,1.0,1.0,0.0,0.0,0.0,-0.0417886161532,0.287818206504,-0.336945867393,-0.0380959093148,0.317407610109,0.228243396272,-0.231960250335,-0.267904187275,0.89198015019
308,2013-05-19 10:50:33,2013-05-19 10:50:38,2.0,1.0,1.0,0.0,0.0,0.0,-0.262104994147,-2.14511323788,1.83526360386,-0.267756043278,-2.0840056558,-1.42978878763,1.70280073186,1.14332073672,0.89198015019
309,2013-05-19 10:50:38,2013-05-19 10:50:43,1.0,1.0,1.0,0.0,0.0,0.0,-0.0238036057047,0.152655348483,-0.216267563435,-0.0132201981945,-0.408331097582,-1.27907408192,1.07359843242,-0.321836349975,0.89198015019
310,2013-05-19 10:50:43,2013-05-19 10:50:48,1.0,1.0,1.0,0.0,0.0,0.0,-0.0193073530926,0.38919035002,-0.306776291404,-0.0200106513623,0.357215908054,0.29808063425,-0.334223963566,-0.375768512676,0.89198015019
311,2013-05-19 10:50:48,2013-05-19 10:50:53,1.0,1.0,1.0,0.0,0.0,0.0,-0.0590818954306,0.254027491999,-0.306776291404,-0.0388991292664,0.348198999749,0.216779450908,-0.275126786074,-0.312847656192,0.89198015019
312,2013-05-19 10:50:53,2013-05-19 10:50:58,1.0,1.0,1.0,0.0,0.0,0.0,-0.138285114521,-0.185251796571,0.0854281964612,-0.129504195301,0.0242756538721,0.0118032530187,-0.0100164578452,-0.402734594026,0.89198015019
313,2013-05-19 10:50:58,2013-05-19 10:51:03,1.0,1.0,1.0,0.0,0.0,0.0,-0.120300104072,0.38919035002,-0.336945867393,-0.121258698735,0.297047687632,0.28901534196,-0.286466850864,-0.321836349975,0.89198015019
314,2013-05-19 10:51:03,2013-05-19 10:51:08,1.0,1.0,1.0,0.0,0.0,0.0,-0.137247517764,0.287818206504,-0.336945867393,-0.131303296822,0.292414793,0.16721606522,-0.230438327795,-0.375768512676,0.89198015019
315,2013-05-19 10:51:08,2013-05-19 10:51:13,1.0,1.0,1.0,0.0,0.0,0.0,-0.164570899023,0.38919035002,-0.427454595362,-0.156543465884,0.444633618432,0.316857941535,-0.365361813216,-0.41172328781,0.197736699961
316,2013-05-19 10:51:13,2013-05-19 10:51:18,1.0,1.0,1.0,0.0,0.0,0.0,-0.234089881718,-1.13139180272,0.930176324171,-0.225000831892,-0.71740951878,-0.36490602707,0.602545136788,0.855682535653,0.197736699961
317,2013-05-19 10:51:18,2013-05-19 10:51:23,1.0,1.0,1.0,0.0,0.0,0.0,-0.0933225883998,0.38919035002,-0.306776291404,-0.102825554574,0.373704440611,0.213653504812,-0.272308300013,-0.348802431326,0.197736699961
318,2013-05-19 10:51:23,2013-05-19 10:51:28,1.0,1.0,1.0,0.0,0.0,0.0,-0.0134276381383,0.38919035002,-0.306776291404,-0.0213575201989,0.324496512914,0.228302308408,-0.261933571747,-0.303858962408,0.89198015019
319,2013-05-19 10:51:28,2013-05-19 10:51:33,1.0,1.0,1.0,0.0,0.0,0.0,-0.0794879649779,-0.320414654592,0.20610650042,-0.082057112651,-0.0341022261937,-0.0699969906221,-0.0165569393117,0.118609645412,0.89198015019
320,2013-05-19 10:51:33,2013-05-19 10:51:38,1.0,1.0,1.0,0.0,0.0,0.0,0.101399736264,0.254027491999,-0.00508053150761,0.0680550214038,0.285263678671,0.169925485255,-0.23288125623,1.61972150724,0.89198015019
321,2013-05-19 10:51:38,2013-05-19 10:51:43,2.0,1.0,2.0,0.0,0.0,0.0,0.305806297322,-4.88216111282,4.27899925902,0.298782915491,-2.5264495426,-2.19405420587,2.4600509597,1.61972150724,0.89198015019
322,2013-05-19 10:51:43,2013-05-19 10:51:48,1.0,1.0,1.0,0.0,0.0,0.0,0.345234974075,-1.84099680733,1.56373741995,0.453825991047,-0.340370313072,-0.388425392616,0.270551662318,1.9163484021,0.89198015019
323,2013-05-19 10:51:48,2013-05-19 10:51:53,2.0,1.0,2.0,0.0,0.0,0.0,0.0592041348267,-2.75334609898,2.37831597167,0.00775369563862,-1.96246617998,-0.88094429316,1.19129732621,0.0287227075782,0.89198015019
324,2013-05-19 10:51:53,2013-05-19 10:51:58,1.0,1.0,1.0,0.0,0.0,0.0,0.178181896255,0.38919035002,-0.427454595362,0.178901925166,0.40239371033,0.254328092727,-0.297877057854,-0.41172328781,-0.496506750267
325,2013-05-19 10:51:58,2013-05-19 10:52:03,1.0,1.0,1.0,0.0,0.0,0.0,0.179911224183,0.490562493536,-0.517963323331,0.182937030954,0.46883830708,0.339909356739,-0.374905193233,-0.41172328781,-1.88499365072
326,2013-05-19 10:52:03,2013-05-19 10:52:08,1.0,1.0,1.0,0.0,0.0,0.0,0.182332283282,0.38919035002,-0.427454595362,0.18476359506,0.438694753997,0.31450436203,-0.363239725751,-0.41172328781,-0.496506750267
327,2013-05-19 10:52:08,2013-05-19 10:52:13,1.0,1.0,1.0,0.0,0.0,0.0,0.178527761841,0.490562493536,-0.517963323331,0.181269107287,0.473858542205,0.344710132485,-0.381910908065,-0.43868936916,-1.1907502005
328,2013-05-19 10:52:13,2013-05-19 10:52:18,1.0,1.0,1.0,0.0,0.0,0.0,0.177144299498,0.490562493536,-0.517963323331,0.182140259613,0.488030127117,0.35040672433,-0.389915422901,-0.402734594026,-1.1907502005
329,2013-05-19 10:52:18,2013-05-19 10:52:23,1.0,1.0,1.0,0.0,0.0,0.0,0.187174401479,0.38919035002,-0.427454595362,0.188704159217,0.365307102646,0.253934931209,-0.308627748693,-0.402734594026,-0.496506750267
330,2013-05-19 10:52:23,2013-05-19 10:52:28,1.0,1.0,1.0,0.0,0.0,0.0,0.179911224183,0.490562493536,-0.517963323331,0.182654648732,0.491882383544,0.359072602407,-0.396962804181,-0.43868936916,-1.88499365072
331,2013-05-19 10:52:28,2013-05-19 10:52:33,1.0,1.0,1.0,0.0,0.0,0.0,0.182678148867,0.625725351558,-0.63864162729,0.184845223623,0.509333343105,0.356901988604,-0.40146723059,-0.474644144294,-3.27348055118
332,2013-05-19 10:52:33,2013-05-19 10:52:38,1.0,1.0,1.0,0.0,0.0,0.0,0.181294686525,0.490562493536,-0.517963323331,0.183803630813,0.491603201288,0.370293741361,-0.392655729629,-0.43868936916,-2.57923710095
333,2013-05-19 10:52:38,2013-05-19 10:52:43,1.0,1.0,1.0,0.0,0.0,0.0,0.182678148867,0.625725351558,-0.63864162729,0.185483761466,0.509283865064,0.356785079935,-0.401361820758,-0.474644144294,-3.27348055118
334,2013-05-19 10:52:43,2013-05-19 10:52:48,1.0,1.0,1.0,0.0,0.0,0.0,0.169189391031,0.254027491999,-0.306776291404,0.1739726795,0.347612940286,0.23749104072,-0.280332037348,-0.312847656192,-0.496506750267
335,2013-05-19 10:52:48,2013-05-19 10:52:53,1.0,1.0,1.0,0.0,0.0,0.0,0.147053993556,0.38919035002,-0.427454595362,0.154102573161,0.350343851951,0.241327721471,-0.297260551748,-0.312847656192,0.89198015019
336,2013-05-19 10:52:53,2013-05-19 10:52:58,1.0,1.0,1.0,0.0,0.0,0.0,0.0965576180659,-0.11767036756,0.025089044482,0.105405317567,0.108977115272,0.151253236008,-0.101057308368,-0.267904187275,0.197736699961
337,2013-05-19 10:52:58,2013-05-19 10:53:03,1.0,1.0,1.0,0.0,0.0,0.0,0.135294563647,0.38919035002,-0.427454595362,0.126875963008,0.449039597545,0.276079544221,-0.328594274403,-0.222960718358,-1.1907502005
338,2013-05-19 10:53:03,2013-05-19 10:53:08,1.0,1.0,1.0,0.0,0.0,0.0,0.0989786771647,0.38919035002,-0.427454595362,0.113193089082,0.407876353722,0.297650477347,-0.342124024652,-0.285881574842,0.89198015019
339,2013-05-19 10:53:08,2013-05-19 10:53:13,1.0,1.0,1.0,0.0,0.0,0.0,0.111083972659,0.38919035002,-0.306776291404,0.115444059071,0.350759727861,0.246557141689,-0.301975619614,-0.285881574842,-0.496506750267
340,2013-05-19 10:53:13,2013-05-19 10:53:18,1.0,1.0,1.0,0.0,0.0,0.0,0.0882568440127,0.38919035002,-0.427454595362,0.0914850537978,0.386195697271,0.281978387163,-0.333912922293,-0.348802431326,-1.88499365072
341,2013-05-19 10:53:18,2013-05-19 10:53:23,1.0,1.0,1.0,0.0,0.0,0.0,0.0706176991498,0.355399635515,-0.397285019373,0.0751931125196,0.392114056907,0.312337117965,-0.348371574765,-0.402734594026,0.89198015019
342,2013-05-19 10:53:23,2013-05-19 10:53:28,1.0,1.0,1.0,0.0,0.0,0.0,0.0464071081615,0.254027491999,-0.306776291404,0.0552815518262,0.320435376859,0.25948954427,-0.289372614864,-0.402734594026,0.197736699961
343,2013-05-19 10:53:28,2013-05-19 10:53:33,1.0,1.0,1.0,0.0,0.0,0.0,0.0349935438384,0.490562493536,-0.517963323331,0.0388395992083,0.469186228819,0.306705026095,-0.356207512482,-0.402734594026,0.197736699961
344,2013-05-19 10:53:33,2013-05-19 10:53:38,1.0,1.0,1.0,0.0,0.0,0.0,0.00732429699458,0.38919035002,-0.427454595362,0.0180973892876,0.417842143219,0.284758896962,-0.336419948285,-0.348802431326,0.89198015019
345,2013-05-19 10:53:38,2013-05-19 10:53:43,1.0,1.0,1.0,0.0,0.0,0.0,0.0557454789712,0.38919035002,-0.306776291404,0.0436000235674,0.231302554169,0.121078987587,-0.188839174707,-0.348802431326,0.197736699961
346,2013-05-19 10:53:43,2013-05-19 10:53:48,1.0,1.0,1.0,0.0,0.0,0.0,0.0474447049181,0.490562493536,-0.517963323331,0.0591707963965,0.414359473914,0.265124263841,-0.318716527285,-0.43868936916,-1.1907502005
347,2013-05-19 10:53:48,2013-05-19 10:53:53,1.0,1.0,1.0,0.0,0.0,0.0,0.151896111753,0.254027491999,0.236276076409,0.137363027947,0.0902587078276,-0.146222056778,0.0521708249712,-0.240938105925,0.197736699961
348,2013-05-19 10:53:53,2013-05-19 10:53:58,1.0,1.0,1.0,0.0,0.0,0.0,0.155700633195,0.38919035002,-0.427454595362,0.169769318418,0.40274462646,0.286450674883,-0.315105464546,-0.285881574842,0.197736699961
349,2013-05-19 10:53:58,2013-05-19 10:54:03,1.0,1.0,1.0,0.0,0.0,0.0,0.167805928689,0.254027491999,0.115597772451,0.133205679595,0.325503753288,0.203160598077,-0.219061491453,0.136587032979,0.89198015019
350,2013-05-19 10:54:03,2013-05-19 10:54:08,1.0,1.0,1.0,0.0,0.0,0.0,0.541686626666,0.254027491999,-0.306776291404,0.532621091475,0.232778253099,-0.059995764466,-0.0255744705316,-0.285881574842,0.197736699961
351,2013-05-19 10:54:08,2013-05-19 10:54:13,1.0,1.0,1.0,0.0,0.0,0.0,0.200663159316,0.254027491999,-0.306776291404,0.247817221005,0.25598189929,0.239301574098,-0.29543369103,-0.303858962409,-0.496506750267
352,2013-05-19 10:54:13,2013-05-19 10:54:18,1.0,1.0,1.0,0.0,0.0,0.0,0.0792643387885,0.490562493536,-0.517963323331,0.0830517187995,0.441867952699,0.302493200159,-0.352409950934,-0.43868936916,-0.496506750267
353,2013-05-19 10:54:18,2013-05-19 10:54:23,1.0,1.0,1.0,0.0,0.0,0.0,0.0280762321274,0.254027491999,-0.306776291404,0.0436357785387,0.299960355491,0.172146440494,-0.234883764012,-0.375768512676,0.89198015019
354,2013-05-19 10:54:23,2013-05-19 10:54:28,1.0,1.0,1.0,0.0,0.0,0.0,-0.0604653577728,0.254027491999,-0.306776291404,-0.0467899271706,0.260335255994,0.186351083059,-0.24769127439,-0.375768512676,0.197736699961
355,2013-05-19 10:54:28,2013-05-19 10:54:33,1.0,1.0,1.0,0.0,0.0,0.0,-0.0763751747079,0.490562493536,-0.517963323331,-0.0707378937633,0.480303809811,0.356137950165,-0.391187746584,-0.43868936916,-1.1907502005
356,2013-05-19 10:54:33,2013-05-19 10:54:38,1.0,1.0,1.0,0.0,0.0,0.0,-0.0424803473243,0.38919035002,-0.306776291404,-0.0567201641425,0.301591776926,0.229244263992,-0.286365592134,-0.204983330791,-1.1907502005
357,2013-05-19 10:54:38,2013-05-19 10:54:43,1.0,1.0,1.0,0.0,0.0,0.0,0.0287679632985,0.254027491999,-0.306776291404,0.0474124350632,0.423264123323,0.201045728228,-0.260940591975,-0.321836349975,-0.496506750267
358,2013-05-19 10:54:43,2013-05-19 10:54:48,1.0,1.0,1.0,0.0,0.0,0.0,0.00179044762581,0.254027491999,-0.306776291404,-0.0101049094624,0.300721770581,0.179741273024,-0.241731588306,-0.222960718358,0.197736699961
359,2013-05-19 10:54:48,2013-05-19 10:54:53,1.0,1.0,1.0,0.0,0.0,0.0,0.0152792054622,-0.0838796530549,-0.00508053150759,0.0317789971991,0.246700346217,0.189298538266,-0.133923595332,-0.160039861874,0.197736699961
360,2013-05-19 10:54:53,2013-05-19 10:54:58,1.0,1.0,1.0,0.0,0.0,0.0,0.0792643387885,0.38919035002,-0.306776291404,0.0667432824996,0.436320397248,0.18190380315,-0.243681417519,-0.339813737542,-1.1907502005
361,2013-05-19 10:54:58,2013-05-19 10:55:03,1.0,1.0,1.0,0.0,0.0,0.0,-0.528075629433,-1.94236895085,1.65424614792,-0.343025285897,-1.8690748633,-0.416936454088,0.751381827392,5.8713736668,0.197736699961
362,2013-05-19 10:55:03,2013-05-19 10:55:08,2.0,2.0,2.0,0.0,0.0,0.0,-0.857339666874,-4.10497467919,4.67120374688,-1.01958592934,-5.25611435239,-3.34777571275,4.63284689492,5.8713736668,-1.1907502005
363,2013-05-19 10:55:08,2013-05-19 10:55:13,1.0,1.0,1.0,0.0,0.0,0.0,0.140136681845,0.38919035002,-0.427454595362,0.133213929627,0.470842579859,0.291264438442,-0.342285621401,-0.348802431326,-1.1907502005
364,2013-05-19 10:55:13,2013-05-19 10:55:18,1.0,1.0,1.0,0.0,0.0,0.0,0.176452568327,0.38919035002,-0.427454595362,0.177782224361,0.472870666239,0.335681645114,-0.371244099506,-0.348802431326,-0.496506750267
365,2013-05-19 10:55:18,2013-05-19 10:55:23,1.0,1.0,1.0,0.0,0.0,0.0,0.0436401834771,-0.692112514151,0.537971836306,0.0989481910576,-0.718774508796,-0.151518351468,0.0569461897079,-0.348802431326,0.89198015019
366,2013-05-19 10:55:23,2013-05-19 10:55:28,1.0,1.0,1.0,0.0,0.0,0.0,0.0951741557237,0.38919035002,-0.306776291404,0.0456391667418,0.254957842607,-0.266431469162,0.491334528423,-0.375768512676,0.89198015019
367,2013-05-19 10:55:28,2013-05-19 10:55:33,1.0,1.0,1.0,0.0,0.0,0.0,0.108317047974,0.38919035002,-0.427454595362,0.106774072794,0.321408433844,0.201224067713,-0.261101390446,-0.285881574842,0.197736699961
368,2013-05-19 10:55:33,2013-05-19 10:55:38,1.0,1.0,1.0,0.0,0.0,0.0,0.155700633195,0.254027491999,-0.306776291404,0.156561251227,0.229481075672,0.195435312362,-0.207869983126,-0.15105116809,-1.1907502005
369,2013-05-19 10:55:38,2013-05-19 10:55:43,1.0,1.0,1.0,0.0,0.0,0.0,0.162963810491,0.38919035002,-0.427454595362,0.165947557457,0.321441549934,0.309951371446,-0.309129281814,-0.41172328781,-1.1907502005
370,2013-05-19 10:55:43,2013-05-19 10:55:48,1.0,1.0,1.0,0.0,0.0,0.0,0.182332283282,0.490562493536,-0.517963323331,0.184905332635,0.489866901888,0.357970604483,-0.395714929963,-0.43868936916,-1.88499365072
371,2013-05-19 10:55:48,2013-05-19 10:55:53,1.0,1.0,1.0,0.0,0.0,0.0,0.186482670308,0.591934637052,-0.517963323331,0.185608870952,0.509867849839,0.365024580629,-0.403429197881,-0.384757206459,-1.88499365072
372,2013-05-19 10:55:53,2013-05-19 10:55:58,1.0,1.0,1.0,0.0,0.0,0.0,0.120768209054,0.38919035002,-0.427454595362,0.135919206197,0.339807478868,0.276224988231,-0.305842109146,-0.348802431326,0.89198015019
373,2013-05-19 10:55:58,2013-05-19 10:56:03,1.0,1.0,1.0,0.0,0.0,0.0,0.163309676077,0.38919035002,-0.427454595362,0.159265907353,0.279488005597,0.189285031909,-0.210817348325,-0.285881574842,0.197736699961
374,2013-05-19 10:56:03,2013-05-19 10:56:08,1.0,1.0,1.0,0.0,0.0,0.0,0.0892944407694,0.254027491999,-0.306776291404,0.0969591920867,0.321681302988,0.189770590862,-0.178567002247,-0.276892881058,0.197736699961
375,2013-05-19 10:56:08,2013-05-19 10:56:13,1.0,1.0,1.0,0.0,0.0,0.0,0.136678025989,0.38919035002,-0.427454595362,0.143307861511,0.313377279908,0.256184040414,-0.294471058848,-0.41172328781,-0.496506750267
376,2013-05-19 10:56:13,2013-05-19 10:56:18,1.0,1.0,1.0,0.0,0.0,0.0,0.116963687613,0.254027491999,-0.306776291404,0.126232400864,0.332636000961,0.23852645036,-0.294184153993,-0.249926799708,0.197736699961
377,2013-05-19 10:56:18,2013-05-19 10:56:23,1.0,1.0,1.0,0.0,0.0,0.0,0.142557740944,0.38919035002,-0.306776291404,0.133197106271,0.252418976319,0.0836476791405,-0.152745926262,-0.375768512676,-0.496506750267
378,2013-05-19 10:56:23,2013-05-19 10:56:28,1.0,1.0,1.0,0.0,0.0,0.0,0.141520144187,0.38919035002,-0.427454595362,0.15047539376,0.268938159433,0.225081410014,-0.28093665788,-0.222960718358,0.197736699961
379,2013-05-19 10:56:28,2013-05-19 10:56:33,1.0,1.0,1.0,0.0,0.0,0.0,0.241129432825,0.355399635515,-0.397285019373,0.222222352218,0.374552121492,0.241270712088,-0.297209149661,-0.213972024574,0.197736699961
380,2013-05-19 10:56:33,2013-05-19 10:56:38,1.0,1.0,1.0,0.0,0.0,0.0,0.194783444361,0.254027491999,-0.306776291404,0.219369902241,0.257037300617,0.272957432176,-0.321024912634,-0.330825043759,0.89198015019
381,2013-05-19 10:56:38,2013-05-19 10:56:43,1.0,1.0,1.0,0.0,0.0,0.0,0.15604649878,0.38919035002,-0.427454595362,0.153857413666,0.346091782766,0.252497504291,-0.307331703397,-0.41172328781,-0.496506750267
382,2013-05-19 10:56:43,2013-05-19 10:56:48,1.0,1.0,1.0,0.0,0.0,0.0,0.227640674988,0.254027491999,-0.306776291404,0.221368526977,0.456299498883,0.299451150514,-0.349667109485,-0.276892881058,0.197736699961
383,2013-05-19 10:56:48,2013-05-19 10:56:53,1.0,1.0,1.0,0.0,0.0,0.0,0.193399982019,0.355399635515,-0.397285019373,0.19798778526,0.284835454977,0.276496662031,-0.328970365576,-0.285881574842,0.89198015019
384,2013-05-19 10:56:53,2013-05-19 10:56:58,1.0,1.0,1.0,0.0,0.0,0.0,0.295430329756,0.355399635515,-0.306776291404,0.292436963891,0.367240623281,0.253493305285,-0.308229559961,-0.402734594026,-0.496506750267
385,2013-05-19 10:56:58,2013-05-19 10:57:03,1.0,1.0,1.0,0.0,0.0,0.0,0.343851511732,0.524353208042,-0.548132899321,0.345117336843,0.490160200533,0.358222822323,-0.402658150494,-0.420711981593,-0.496506750267
386,2013-05-19 10:57:03,2013-05-19 10:57:08,1.0,1.0,1.0,0.0,0.0,0.0,0.293701001828,0.355399635515,-0.397285019373,0.307310183704,0.372168380576,0.293180976376,-0.344013653583,-0.330825043759,0.197736699961
387,2013-05-19 10:57:08,2013-05-19 10:57:13,1.0,1.0,1.0,0.0,0.0,0.0,0.156738229951,0.287818206504,-0.336945867393,0.172475959027,0.215592601317,0.177758625295,-0.202855328557,-0.285881574842,0.197736699961
388,2013-05-19 10:57:13,2013-05-19 10:57:18,1.0,1.0,1.0,0.0,0.0,0.0,0.172302181301,0.38919035002,-0.427454595362,0.164548096236,0.431627814815,0.279051964003,-0.329399744356,-0.285881574842,0.197736699961
389,2013-05-19 10:57:18,2013-05-19 10:57:23,1.0,1.0,1.0,0.0,0.0,0.0,0.216227110665,0.355399635515,-0.397285019373,0.220046996597,0.402386552587,0.268169988869,-0.321462682615,-0.402734594026,-0.496506750267
390,2013-05-19 10:57:23,2013-05-19 10:57:28,1.0,1.0,1.0,0.0,0.0,0.0,0.19720450346,-0.692112514151,0.537971836306,0.192490306693,-0.353207581814,-0.064564904573,0.285399455693,0.21748527703,0.197736699961
391,2013-05-19 10:57:28,2013-05-19 10:57:33,1.0,1.0,1.0,0.0,0.0,0.0,0.152241977339,-0.185251796571,0.0854281964613,0.163509375239,-0.0421306811868,0.208529884205,0.0766463300598,0.0646774827119,0.197736699961
392,2013-05-19 10:57:33,2013-05-19 10:57:38,1.0,1.0,1.0,0.0,0.0,0.0,-0.0027058049863,-0.793484657667,0.628480564274,0.0120270888647,-1.01990529942,-0.189029362649,0.496726428805,0.100632257846,0.89198015019
393,2013-05-19 10:57:38,2013-05-19 10:57:43,1.0,1.0,1.0,0.0,0.0,0.0,0.148783321484,0.38919035002,-0.427454595362,0.144414348897,0.410633276369,0.273751462938,-0.322023528857,-0.348802431326,0.89198015019
394,2013-05-19 10:57:43,2013-05-19 10:57:48,1.0,1.0,1.0,0.0,0.0,0.0,0.191670654091,0.38919035002,-0.427454595362,0.189449862474,0.359047363891,0.273321511361,-0.280491108869,-0.384757206459,0.89198015019
395,2013-05-19 10:57:48,2013-05-19 10:57:53,1.0,1.0,1.0,0.0,0.0,0.0,0.167805928689,0.38919035002,-0.427454595362,0.17741666,0.32995221331,0.218618390255,-0.276784852066,-0.375768512676,0.89198015019
396,2013-05-19 10:57:53,2013-05-19 10:57:58,1.0,1.0,1.0,0.0,0.0,0.0,0.183715745624,0.38919035002,-0.427454595362,0.182674414944,0.458243360706,0.306888220797,-0.356372688623,-0.384757206459,0.89198015019
397,2013-05-19 10:57:58,2013-05-19 10:58:03,1.0,1.0,1.0,0.0,0.0,0.0,0.216572976251,0.490562493536,-0.517963323331,0.218098620363,0.454923043246,0.324462766794,-0.372218647381,-0.41172328781,0.197736699961
398,2013-05-19 10:58:03,2013-05-19 10:58:08,1.0,1.0,1.0,0.0,0.0,0.0,0.205159411928,0.38919035002,-0.427454595362,0.208060430328,0.456153802059,0.318209784991,-0.362046958291,-0.357791125109,0.89198015019
399,2013-05-19 10:58:08,2013-05-19 10:58:13,1.0,1.0,1.0,0.0,0.0,0.0,0.207926336612,0.38919035002,-0.427454595362,0.210361760956,0.400673958413,0.274013832524,-0.326731740807,-0.357791125109,0.89198015019
400,2013-05-19 10:58:13,2013-05-19 10:58:18,1.0,1.0,1.0,0.0,0.0,0.0,0.217264707422,0.355399635515,-0.397285019373,0.222441961972,0.423787003834,0.268950117765,-0.322166080036,-0.393745900243,0.89198015019
401,2013-05-19 10:58:18,2013-05-19 10:58:23,1.0,1.0,1.0,0.0,0.0,0.0,0.202046621658,0.38919035002,-0.427454595362,0.203670063036,0.410358213643,0.278083708793,-0.32768331465,-0.366779818892,0.197736699961
402,2013-05-19 10:58:23,2013-05-19 10:58:28,1.0,1.0,1.0,0.0,0.0,0.0,0.215189513909,0.490562493536,-0.427454595362,0.215796112126,0.467485228812,0.320877538108,-0.365886350646,-0.393745900243,0.197736699961
403,2013-05-19 10:58:28,2013-05-19 10:58:33,1.0,1.0,1.0,0.0,0.0,0.0,0.222798556791,0.38919035002,-0.427454595362,0.224108667099,0.445150625595,0.312839518156,-0.347865294089,-0.402734594026,0.89198015019
404,2013-05-19 10:58:33,2013-05-19 10:58:38,1.0,1.0,1.0,0.0,0.0,0.0,0.214151917152,0.355399635515,-0.397285019373,0.220512970727,0.430326290646,0.311187749304,-0.36024932654,-0.402734594026,-0.496506750267
405,2013-05-19 10:58:38,2013-05-19 10:58:43,1.0,1.0,1.0,0.0,0.0,0.0,0.211039126882,0.355399635515,-0.397285019373,0.213508864815,0.260665757619,0.186843277547,-0.248135057892,-0.258915493491,-0.496506750267
406,2013-05-19 10:58:43,2013-05-19 10:58:48,1.0,1.0,1.0,0.0,0.0,0.0,0.194437578776,0.287818206504,-0.336945867393,0.197736696142,0.430674459471,0.280939942094,-0.323849704788,-0.366779818892,0.197736699961
407,2013-05-19 10:58:48,2013-05-19 10:58:53,1.0,1.0,1.0,0.0,0.0,0.0,0.181640552111,0.38919035002,-0.336945867393,0.189020882181,0.401563282279,0.279162622572,-0.331374109081,-0.375768512676,0.89198015019
408,2013-05-19 10:58:53,2013-05-19 10:58:58,1.0,1.0,1.0,0.0,0.0,0.0,0.167805928689,0.254027491999,-0.306776291404,0.16564193105,0.356128789756,0.267014363504,-0.292070507154,0.568044334584,0.89198015019
409,2013-05-19 10:58:58,2013-05-19 10:59:03,1.0,1.0,1.0,0.0,0.0,0.0,0.148783321484,-2.78713681348,2.40848554766,0.152222797535,-1.36532901452,-0.9155671824,1.23390656112,0.568044334584,0.89198015019
410,2013-05-19 10:59:03,2013-05-19 10:59:08,1.0,1.0,1.0,0.0,0.0,0.0,0.292663405071,0.118864633977,-0.186097987445,0.280450984395,-0.00197146957005,0.0615437039983,0.00611636269539,-0.142062474307,0.89198015019
411,2013-05-19 10:59:08,2013-05-19 10:59:13,1.0,1.0,1.0,0.0,0.0,0.0,0.337280065607,0.220236777493,-0.276606715414,0.325202127812,0.337706070913,0.221932699102,-0.26666038702,-0.366779818892,0.89198015019
412,2013-05-19 10:59:13,2013-05-19 10:59:18,1.0,1.0,1.0,0.0,0.0,0.0,0.738484144842,0.355399635515,0.477632684326,0.693517259657,0.26507151482,-0.134784563039,0.0418582937612,0.181530501896,0.89198015019
413,2013-05-19 10:59:18,2013-05-19 10:59:23,2.0,2.0,2.0,0.0,0.0,0.0,-0.422586625841,-3.83464896315,3.34374240334,-0.387886604083,-3.08080965561,-3.23896431057,3.4700916735,5.52081460925,0.89198015019
414,2013-05-19 10:59:23,2013-05-19 10:59:28,1.0,1.0,1.0,0.0,0.0,0.0,0.559325771529,0.490562493536,-0.517963323331,0.555272230775,0.263688899761,-0.0759533865574,-0.0111863991934,-0.330825043759,0.197736699961
415,2013-05-19 10:59:28,2013-05-19 10:59:33,1.0,1.0,1.0,0.0,0.0,0.0,0.557250578015,0.38919035002,-0.427454595362,0.556773007152,0.394076955075,0.278627195997,-0.330891345689,-0.366779818892,0.197736699961
416,2013-05-19 10:59:33,2013-05-19 10:59:38,1.0,1.0,1.0,0.0,0.0,0.0,0.565551352068,0.38919035002,-0.427454595362,0.560616691534,0.428419327156,0.318699542265,-0.320496186494,-0.285881574842,0.89198015019
417,2013-05-19 10:59:38,2013-05-19 10:59:43,1.0,1.0,1.0,0.0,0.0,0.0,0.640604184132,0.254027491999,-0.186097987445,0.633179351074,0.244658088984,0.16750845788,-0.183278237097,-0.240938105925,0.89198015019
418,2013-05-19 10:59:43,2013-05-19 10:59:48,1.0,1.0,1.0,0.0,0.0,0.0,0.622273308098,-0.590740370635,0.447463108337,0.619743744761,-0.0281836907655,-0.0594819997401,0.0813753549767,0.172541808113,0.89198015019
419,2013-05-19 10:59:48,2013-05-19 10:59:53,1.0,1.0,1.0,0.0,0.0,0.0,0.585265690445,0.254027491999,-0.306776291404,0.596565730642,0.271419260849,0.24222352635,-0.273827484648,-0.312847656192,0.89198015019
420,2013-05-19 10:59:53,2013-05-19 10:59:58,1.0,1.0,1.0,0.0,0.0,0.0,0.659972656923,0.355399635515,-0.397285019373,0.651950886996,0.387856801905,0.229337945173,-0.285042310498,-0.330825043759,0.89198015019
421,2013-05-19 10:59:58,2013-05-19 11:00:03,1.0,1.0,1.0,0.0,0.0,0.0,0.644062839988,0.38919035002,-0.306776291404,0.639119899247,0.292890916895,0.260091422345,-0.314178703161,-0.0791416178229,0.89198015019
422,2013-05-19 11:00:03,2013-05-19 11:00:08,1.0,1.0,1.0,0.0,0.0,0.0,0.872679992035,-0.252833225582,1.17153293209,0.810663605957,-0.118590149255,-0.339679252181,0.226600067148,0.0556887889285,0.89198015019
423,2013-05-19 11:00:08,2013-05-19 11:00:13,1.0,1.0,1.0,0.0,0.0,0.0,2.08009675118,0.490562493536,-0.246437139425,1.94086201753,0.151461783241,-0.632305927044,0.490444733306,-0.0971190053897,0.89198015019
424,2013-05-19 11:00:13,2013-05-19 11:00:18,1.0,1.0,1.0,0.0,0.0,0.0,2.15307438973,0.355399635515,-0.397285019373,2.14407549023,0.403539360129,0.270680854654,-0.323726586086,-0.330825043759,0.89198015019
425,2013-05-19 11:00:18,2013-05-19 11:00:23,1.0,1.0,1.0,0.0,0.0,0.0,2.13370591694,0.355399635515,-0.397285019373,2.12560349575,0.335756223604,0.254123748918,-0.265460856026,-0.303858962408,0.89198015019
426,2013-05-19 11:00:23,2013-05-19 11:00:28,1.0,1.0,1.0,0.0,0.0,0.0,2.02129960164,0.355399635515,-0.397285019373,2.02407501065,0.301828844879,0.287328364757,-0.312527158521,-0.303858962408,0.89198015019
427,2013-05-19 11:00:28,2013-05-19 11:00:33,1.0,1.0,1.0,0.0,0.0,0.0,1.99017169894,0.355399635515,-0.397285019373,1.9873446139,0.329001393459,0.209306711041,-0.26838904572,-0.339813737542,0.89198015019
428,2013-05-19 11:00:33,2013-05-19 11:00:38,1.0,1.0,1.0,0.0,0.0,0.0,1.87707365246,0.186446062988,-0.246437139425,1.88468572425,0.346233631239,0.234028258813,-0.290679045502,-0.366779818892,0.89198015019
429,2013-05-19 11:00:38,2013-05-19 11:00:43,1.0,1.0,1.0,0.0,0.0,0.0,1.83245699193,0.490562493536,-0.517963323331,1.82007526067,0.424798479621,0.296951733411,-0.347413528634,-0.366779818892,0.89198015019
430,2013-05-19 11:00:43,2013-05-19 11:00:48,1.0,1.0,1.0,0.0,0.0,0.0,1.82415621788,0.355399635515,-0.397285019373,1.81764640857,0.342998307265,0.279964358837,-0.269462455053,-0.339813737542,0.89198015019
431,2013-05-19 11:00:48,2013-05-19 11:00:53,1.0,1.0,1.0,0.0,0.0,0.0,1.82761487373,0.355399635515,-0.276606715414,1.82192040021,0.23608639099,0.150042716654,-0.214954105719,-0.240938105925,0.89198015019
432,2013-05-19 11:00:53,2013-05-19 11:00:58,1.0,1.0,1.0,0.0,0.0,0.0,1.76362974041,0.0850739194719,-0.155928411456,1.76131117237,0.327064747337,0.280124919195,-0.291655377356,-0.240938105925,0.89198015019
433,2013-05-19 11:00:58,2013-05-19 11:01:03,1.0,1.0,1.0,0.0,0.0,0.0,1.76466733716,0.355399635515,-0.397285019373,1.75448088044,0.297175600643,0.179164422224,-0.231865619143,-0.240938105925,0.89198015019
434,2013-05-19 11:01:03,2013-05-19 11:01:08,1.0,1.0,1.0,0.0,0.0,0.0,1.73941914942,0.186446062988,-0.246437139425,1.74182870937,0.324648283073,0.238721165222,-0.294910369681,-0.339813737542,0.89198015019
435,2013-05-19 11:01:08,2013-05-19 11:01:13,1.0,1.0,1.0,0.0,0.0,0.0,1.67232122582,0.456771779031,-0.487793747342,1.66688155876,0.432031098104,0.314578359844,-0.36330644533,-0.384757206459,0.197736699961
436,2013-05-19 11:01:13,2013-05-19 11:01:18,1.0,1.0,1.0,0.0,0.0,0.0,1.67923853753,0.456771779031,-0.487793747342,1.67306544198,0.440220757217,0.316555907113,-0.342407590687,-0.384757206459,0.89198015019
437,2013-05-19 11:01:18,2013-05-19 11:01:23,1.0,1.0,1.0,0.0,0.0,0.0,1.68615584924,0.456771779031,-0.487793747342,1.6741245949,0.422255077324,0.2911924981,-0.337296753222,-0.384757206459,0.89198015019
438,2013-05-19 11:01:23,2013-05-19 11:01:28,1.0,1.0,1.0,0.0,0.0,0.0,1.6799302687,0.355399635515,-0.397285019373,1.67509995893,0.448772690706,0.331479682536,-0.3785453973,-0.384757206459,0.89198015019
439,2013-05-19 11:01:28,2013-05-19 11:01:33,1.0,1.0,1.0,0.0,0.0,0.0,1.68131373105,0.355399635515,-0.306776291404,1.66743255649,0.303756880952,0.245130785986,-0.300689556598,-0.375768512676,-1.1907502005
440,2013-05-19 11:01:33,2013-05-19 11:01:38,1.0,1.0,1.0,0.0,0.0,0.0,1.70379499411,0.254027491999,-0.306776291404,1.69609099911,0.387325068615,0.272231760011,-0.325124948373,-0.375768512676,-1.88499365072
441,2013-05-19 11:01:38,2013-05-19 11:01:43,1.0,1.0,1.0,0.0,0.0,0.0,1.6920355642,0.355399635515,-0.397285019373,1.68407154072,0.466880707357,0.310978520211,-0.360060676685,-0.402734594026,-0.496506750267
442,2013-05-19 11:01:43,2013-05-19 11:01:48,1.0,1.0,1.0,0.0,0.0,0.0,1.68096786546,0.186446062988,-0.246437139425,1.68049471902,0.370911034109,0.234830942777,-0.291402779531,-0.312847656192,0.197736699961
443,2013-05-19 11:01:48,2013-05-19 11:01:53,1.0,1.0,1.0,0.0,0.0,0.0,1.60660676457,0.186446062988,-0.246437139425,1.60782746294,0.328830956489,0.233825147488,-0.290495911686,-0.402734594026,0.89198015019
444,2013-05-19 11:01:53,2013-05-19 11:01:58,1.0,1.0,1.0,0.0,0.0,0.0,1.60522330222,0.355399635515,-0.397285019373,1.59468717029,0.369927887619,0.223581114467,-0.275880560169,-0.330825043759,0.89198015019
445,2013-05-19 11:01:58,2013-05-19 11:02:03,1.0,1.0,1.0,0.0,0.0,0.0,1.58377963592,0.355399635515,-0.276606715414,1.57675581317,0.456944091348,0.258694411185,-0.312919098434,-0.321836349975,0.89198015019
446,2013-05-19 11:02:03,2013-05-19 11:02:08,1.0,1.0,1.0,0.0,0.0,0.0,1.5651028943,0.355399635515,-0.276606715414,1.56379817277,0.406348612134,0.335518137414,-0.374421996481,-0.402734594026,0.89198015019
447,2013-05-19 11:02:08,2013-05-19 11:02:13,1.0,1.0,1.0,0.0,0.0,0.0,1.53362912602,0.490562493536,-0.517963323331,1.53030819931,0.422062340667,0.304031597988,-0.353797035901,-0.402734594026,0.89198015019
448,2013-05-19 11:02:13,2013-05-19 11:02:18,1.0,1.0,1.0,0.0,0.0,0.0,1.54331336241,0.456771779031,-0.397285019373,1.53478826037,0.366845140638,0.251585221959,-0.290417911836,-0.393745900243,0.89198015019
449,2013-05-19 11:02:18,2013-05-19 11:02:23,1.0,1.0,1.0,0.0,0.0,0.0,1.53743364746,0.355399635515,-0.397285019373,1.53100423655,0.400562623533,0.271039939492,-0.324050352261,-0.43868936916,0.89198015019
450,2013-05-19 11:02:23,2013-05-19 11:02:28,1.0,1.0,1.0,0.0,0.0,0.0,1.52117796494,0.38919035002,-0.427454595362,1.51650181908,0.421473426096,0.319783605767,-0.361727966571,-0.41172328781,0.89198015019
451,2013-05-19 11:02:28,2013-05-19 11:02:33,1.0,1.0,1.0,0.0,0.0,0.0,1.52325315845,0.38919035002,-0.427454595362,1.51536517387,0.465047114201,0.325241696015,-0.371656391073,-0.41172328781,-0.496506750267
452,2013-05-19 11:02:33,2013-05-19 11:02:38,1.0,1.0,1.0,0.0,0.0,0.0,1.52014036818,0.38919035002,-0.427454595362,1.51554279249,0.419118082923,0.2977325476,-0.326756096875,-0.348802431326,-0.496506750267
453,2013-05-19 11:02:38,2013-05-19 11:02:43,1.0,1.0,1.0,0.0,0.0,0.0,1.52498248638,0.38919035002,-0.155928411456,1.51351851093,0.32570970453,0.168454809693,-0.205206351392,-0.12408508674,-1.1907502005
454,2013-05-19 11:02:43,2013-05-19 11:02:48,1.0,1.0,1.0,0.0,0.0,0.0,1.51426065323,0.38919035002,-0.427454595362,1.51355063653,0.334982071562,0.230550712572,-0.287543541784,-0.303858962409,-0.496506750267
455,2013-05-19 11:02:48,2013-05-19 11:02:53,1.0,1.0,1.0,0.0,0.0,0.0,1.58516309826,0.355399635515,-0.0654196834868,1.57469662365,0.385236714094,0.27400927211,-0.303670109881,-0.303858962409,0.89198015019
456,2013-05-19 11:02:53,2013-05-19 11:02:58,1.0,1.0,1.0,0.0,0.0,0.0,1.53674191629,0.490562493536,-0.397285019373,1.52936985126,0.467875910178,0.326192020288,-0.366350364743,-0.366779818892,-0.496506750267
457,2013-05-19 11:02:58,2013-05-19 11:03:03,1.0,1.0,1.0,0.0,0.0,0.0,1.50665161034,0.254027491999,-0.306776291404,1.50326839722,0.361912613171,0.287209209784,-0.313908225114,-0.222960718358,0.197736699961
458,2013-05-19 11:03:03,2013-05-19 11:03:08,1.0,1.0,1.0,0.0,0.0,0.0,1.53708778187,0.38919035002,-0.306776291404,1.53093537425,0.449657189976,0.285562227397,-0.3371442652,-0.402734594026,0.197736699961
459,2013-05-19 11:03:08,2013-05-19 11:03:13,1.0,1.0,1.0,0.0,0.0,0.0,1.49938843305,0.38919035002,-0.427454595362,1.50019159422,0.388610641581,0.333197834055,-0.355763744746,-0.312847656192,-0.496506750267
460,2013-05-19 11:03:13,2013-05-19 11:03:18,1.0,1.0,1.0,0.0,0.0,0.0,1.45062138548,0.38919035002,-0.276606715414,1.44713381354,0.420058583357,0.311282367749,-0.340619002453,-0.348802431326,0.89198015019
461,2013-05-19 11:03:18,2013-05-19 11:03:23,1.0,1.0,1.0,0.0,0.0,0.0,1.47068158945,0.38919035002,-0.306776291404,1.45276431175,0.369648140206,0.242415348514,-0.293712415309,0.864671229437,0.89198015019
462,2013-05-19 11:03:23,2013-05-19 11:03:28,1.0,1.0,1.0,0.0,0.0,0.0,1.16009429362,-0.894856801184,1.68441572391,1.17035106746,-0.682667450307,-0.782430790512,0.755809872116,0.864671229437,0.89198015019
463,2013-05-19 11:03:28,2013-05-19 11:03:33,2.0,2.0,2.0,0.0,0.0,0.0,0.660318522508,-4.64562611128,4.06781222709,0.73667901677,-4.27283825114,-3.41252883767,3.19127179137,2.90510471827,0.89198015019
464,2013-05-19 11:03:33,2013-05-19 11:03:38,2.0,2.0,2.0,0.0,0.0,0.0,1.218199712,-5.05111468534,4.42984713897,1.11220515793,-3.00086967889,-1.3855399544,2.65708819466,2.86914994314,0.197736699961
465,2013-05-19 11:03:38,2013-05-19 11:03:43,1.0,1.0,1.0,0.0,0.0,0.0,1.46653120242,0.38919035002,-0.427454595362,1.46223259514,-0.662864994058,-1.84403218789,1.58298870907,2.84218386179,0.197736699961
466,2013-05-19 11:03:43,2013-05-19 11:03:48,2.0,1.0,1.0,0.0,0.0,0.0,1.19813950804,-2.07753180887,1.77492445188,1.18617942664,-2.49182514538,-0.724049427382,1.43764457201,2.84218386179,0.197736699961
467,2013-05-19 11:03:48,2013-05-19 11:03:53,1.0,1.0,1.0,0.0,0.0,0.0,1.50803507269,0.38919035002,-0.427454595362,1.50604619017,0.306380681411,0.240674422113,-0.261223141906,-0.348802431326,0.197736699961
468,2013-05-19 11:03:53,2013-05-19 11:03:58,1.0,1.0,1.0,0.0,0.0,0.0,1.43747849323,0.254027491999,-0.306776291404,1.44095661782,0.305554338055,0.272595066183,-0.256988769726,-0.366779818892,-0.496506750267
469,2013-05-19 11:03:58,2013-05-19 11:04:03,1.0,1.0,1.0,0.0,0.0,0.0,1.4264107945,0.490562493536,-0.517963323331,1.42222582535,0.441946078274,0.345909953077,-0.381006178159,-0.402734594026,-0.496506750267
470,2013-05-19 11:04:03,2013-05-19 11:04:08,1.0,1.0,1.0,0.0,0.0,0.0,1.48347861611,0.38919035002,-0.427454595362,1.46512916988,0.455758877421,0.330867304653,-0.342915672766,-0.402734594026,-1.1907502005
471,2013-05-19 11:04:08,2013-05-19 11:04:13,1.0,1.0,1.0,0.0,0.0,0.0,1.55403519556,0.355399635515,-0.397285019373,1.54193536683,0.238970033434,0.153628613172,-0.218187302659,-0.222960718358,0.197736699961
472,2013-05-19 11:04:13,2013-05-19 11:04:18,1.0,1.0,1.0,0.0,0.0,0.0,1.66402045177,0.355399635515,-0.397285019373,1.64264879122,0.446595631581,0.264680675294,-0.269066544456,-0.330825043759,-1.88499365072
473,2013-05-19 11:04:18,2013-05-19 11:04:23,1.0,1.0,1.0,0.0,0.0,0.0,1.68062199987,0.355399635515,-0.397285019373,1.67394466718,0.360759014602,0.270726723121,-0.244621761781,-0.258915493491,-1.88499365072
474,2013-05-19 11:04:23,2013-05-19 11:04:28,1.0,1.0,1.0,0.0,0.0,0.0,1.69999047266,0.625725351558,-0.63864162729,1.69113080453,0.4899323269,0.290227589762,-0.341350754496,0.5051234781,-2.57923710095
475,2013-05-19 11:04:28,2013-05-19 11:04:33,2.0,1.0,1.0,0.0,0.0,0.0,0.65167188287,-2.00995037986,1.7145852999,0.754973445571,-2.33028705848,-0.594318737336,1.00985937082,0.5051234781,0.89198015019
476,2013-05-19 11:04:33,2013-05-19 11:04:38,1.0,1.0,1.0,0.0,0.0,0.0,1.36069633324,0.355399635515,-0.276606715414,1.26297674382,0.350018537326,0.143014479196,-0.208617147659,0.442202621616,0.89198015019
477,2013-05-19 11:04:38,2013-05-19 11:04:43,1.0,1.0,1.0,0.0,0.0,0.0,1.51460651881,-0.894856801184,0.718989292243,1.49420537567,-0.620671544367,-0.552895646027,0.550853464504,0.442202621616,0.89198015019
478,2013-05-19 11:04:43,2013-05-19 11:04:48,1.0,1.0,1.0,0.0,0.0,0.0,1.28460590442,-0.861066086678,0.688819716254,1.31436787304,-0.650096392961,-0.141060799762,0.18459114769,0.990512942405,0.89198015019
479,2013-05-19 11:04:48,2013-05-19 11:04:53,2.0,2.0,2.0,0.0,0.0,0.0,1.18119209434,-5.22006825787,4.58069501891,1.22267417484,-2.53171187834,-1.90461110554,2.2486885414,1.71859713886,-0.496506750267
